"","season","region","beta","eta","mu","sigma1","sigma2","kappa"
"1",2010,"Alabama",-3.9582524252577,0.754349743060055,15.9613962032695,1.82261947836834,1.91023352465998,445.073335650651
"2",2011,"Alabama",-3.63287319336409,-0.121476078129489,26.5040410020678,2.28429718790184,2.52275627510915,690.891818055582
"3",2012,"Alabama",-5.03991141501503,0.836263072919806,23.8552651311951,3.10151572466918,2.23105784603093,135.359092388082
"4",2013,"Alabama",-4.75359239001683,0.725419387633751,19.9914919924148,1.83509289694924,2.14136302639297,826.008114937894
"5",2014,"Alabama",-4.39813190269114,0.861370210959856,21.1194786698378,1.69350916699521,2.25084194257991,264.01721182766
"6",2015,"Alabama",-4.88489826332031,0.611355327211109,34.4647932531172,2.98939773470672,2.06881356229199,1113.17694605327
"7",2016,"Alabama",-4.64829638998374,0.707343371546715,29.9590696792224,2.61731845205783,1.9136934250953,1169.32308419336
"8",2017,"Alabama",-4.42599518734056,0.914407715466509,25.0595087724854,1.90646118783582,1.49478852450366,764.383254034821
"9",2018,"Alabama",-4.59123024757838,0.658904877732607,28.2001901450226,2.43743772294678,1.86015530093294,913.184042690603
"10",2019,"Alabama",-4.54915063597169,0.770136094796483,28.5464828646973,2.58395257626959,1.74309481498275,839.452998185508
"11",2020,"Alabama",-5.45417003745691,0.111412022780519,18.8873264114599,3.01428105587463,22.0639345138788,3104.74681398943
"12",2021,"Alabama",-4.11624313885231,0.0861845672904736,23.4148599854492,1.55666175364602,0.633909617592151,2221.33571308556
"13",2022,"Alabama",-3.95621163694397,0.519992597715952,12.3276977010923,0.630647481039775,1.8590850535648,1428.03940370457
"14",2010,"Alaska",-5.0462496402667,0.609822175311965,22.2737611847668,1.69203360056272,1.48685515138393,893.620504866354
"15",2011,"Alaska",-5.49195839473095,0.0890340158202973,41.1645614477001,3.41951000716741,0.0768068202943317,558.535600095787
"16",2012,"Alaska",-8.44353047811495,1.53757204284532,20.8804078462543,2.82738880907434,2.95091144835311,445.242260667112
"17",2013,"Alaska",-8.1157921329915,1.42524618164496,25.2343544819425,3.14902472903129,2.87399190364169,193.937593750405
"18",2014,"Alaska",-6.14270921321869,1.04649132964725,14.4890034894571,1.15547633553463,2.43414729065544,91.851564775396
"19",2015,"Alaska",-4.9964408868595,0.697071002771402,33.9181285806294,1.23841577900591,1.62639902066383,480.255354393677
"20",2016,"Alaska",-7.69659844623241,1.43122285296302,36.1898943516669,3.52320295837185,2.1774295995642,281.022782663734
"21",2017,"Alaska",-4.57865265837402,0.666107507292149,31.9160011254426,2.78560896149646,2.08557132263924,803.903313925267
"22",2018,"Alaska",-3.81171907928956,0.460290685879261,28.0300532916318,1.18869117415331,1.11514131796511,357.886247148659
"23",2019,"Alaska",-4.80053418451158,0.655499499890995,28.3215627442423,2.74688290069606,1.75992741303146,205.274018743882
"24",2020,"Alaska",-6.14765259197029,0.210571505101271,6.33221877636158,1.26179290989013,23.776530213356,784.09543630509
"25",2021,"Alaska",-4.92909818373255,0.395078998364525,20.7349411290023,1.82353882727121,2.32907508094903,122.756554528668
"26",2022,"Alaska",-4.2470641859449,0.0763192490013592,17.707932815817,1.39538990513862,0.914916370642678,852.878178440501
"27",2010,"Arizona",-5.46283044430775,0.546062934718429,18.0811017650074,2.43002354878072,2.07699984917773,3179.10101486393
"28",2011,"Arizona",-5.45543594892764,0.322237325114414,31.4638007310906,2.7240239168275,2.35780698174375,3101.20377224885
"29",2012,"Arizona",-4.76320570350431,0.452908300398028,25.0808970805285,1.63542894781219,1.57454503024493,1632.44284315357
"30",2013,"Arizona",-4.87556692568473,0.161715955337175,24.8849353455883,1.92411398506881,2.41484431477197,2328.71565359636
"31",2014,"Arizona",-4.71360035941514,0.275898683284906,24.7396565035008,1.51427371515766,1.91160096559358,3186.77196071856
"32",2015,"Arizona",-4.94617828293603,0.606862755272157,30.0184247577878,2.51658973474167,2.26189901979926,2172.32722051376
"33",2016,"Arizona",-5.79056639318832,0.767775767200191,27.5801196475426,2.71978975408245,3.1442217715832,3047.53972201929
"34",2017,"Arizona",-4.02359054404944,0.281492799901517,20.8910388875193,1.08520503609873,2.45525279336436,1360.63969650028
"35",2018,"Arizona",-5.58969109774928,0.865582247726879,33.0605802214378,3.42715175285554,2.44438025174455,1648.25040231646
"36",2019,"Arizona",-4.27412898477489,0.192720942827398,24.3718751401973,1.97220275352323,2.11525949074182,1005.05964422529
"37",2020,"Arizona",-5.22875418567736,-0.0893860571449068,15.3137950320611,1.54244202943324,3.25425204810719,1172.12098104797
"38",2021,"Arizona",-4.331327374616,-0.20548176924567,24.5476704363178,2.61421505872159,0.868854414627281,1815.82496567617
"39",2022,"Arizona",-4.43203375578893,0.458430458089059,16.1741321016887,0.948897419060424,1.67932071862772,1468.4006119311
"40",2010,"Arkansas",-6.21557571271299,1.28636524150793,19.1146196440719,2.33176057760287,1.99057669333127,281.080373416886
"41",2011,"Arkansas",-7.75903319395836,1.43753443082875,31.949394077348,3.4321730409164,2.08625213851336,358.510815547781
"42",2012,"Arkansas",-8.07364236932508,1.64063947428665,22.1749119305869,2.08560368618485,2.51925391481912,352.412915071151
"43",2013,"Arkansas",-6.22494474996805,1.25317793740581,22.8630645268763,2.15988504108905,2.43585946851329,201.917142665026
"44",2014,"Arkansas",-6.29732510030952,1.32400598667332,23.4493139854078,2.1632722561917,2.52997824826062,348.894086939152
"45",2015,"Arkansas",-6.87451886246248,1.29257612172202,40.2926293934492,3.24060030736012,0.496224570580113,450.745260827585
"46",2016,"Arkansas",-5.67926355427806,1.05610380336983,28.2536084624456,2.30434009117852,2.2629520051328,260.202123476627
"47",2017,"Arkansas",-5.02041190749726,1.06607428899707,23.477173086235,1.81871798020402,2.0330010496602,242.461088982549
"48",2018,"Arkansas",-4.72208174357227,0.732464529740429,30.0216550796204,2.34814069601541,1.60977893246654,488.221862601139
"49",2019,"Arkansas",-4.81093759977954,0.854325008278393,29.3661295112599,2.5606864503066,1.16419722579303,531.406306792549
"50",2020,"Arkansas",-5.5311137644457,0.0880995815950476,9.39103290361171,2.4171376445453,23.9651801574883,1118.68683474516
"51",2021,"Arkansas",-4.2891494699617,-0.229172199552918,18.4288465236528,1.05745703497942,2.3943720189115,1028.55741210335
"52",2022,"Arkansas",-4.3454541122675,0.563435793227423,15.3336299547652,1.28749404716139,1.89681980768835,2082.07386767753
"53",2010,"California",-4.29414545194076,0.253403379663056,19.0312598914521,2.44012499896177,2.23577472299394,1496.0382420082
"54",2011,"California",-4.28741160308686,-0.0293652350754985,25.3710976462819,2.39526783309178,2.65656309856831,2124.73034621727
"55",2012,"California",-4.1558412004155,0.176100702675149,27.643790630017,2.37322995419061,1.66446570425295,1484.19301234041
"56",2013,"California",-4.086579340051,0.100958887185536,23.2627427228458,1.46667561728761,1.82739429397024,3122.44303825004
"57",2014,"California",-4.22357895254633,0.107626677600333,24.441850179994,1.97291127053735,2.33230656201856,2016.07741450591
"58",2015,"California",-4.51946484721627,0.200801071429178,30.2637016419506,2.45850043270444,1.88526114138352,3507.27121375603
"59",2016,"California",-4.40842860312746,-0.0630047637016777,23.0960901845318,1.93466952975964,2.232746894107,3941.14478711444
"60",2017,"California",-4.31700113884429,0.3273745647319,21.6839493351104,1.33832588387429,2.3171843714012,1383.06375694032
"61",2018,"California",-4.67710214070686,0.320884600618537,27.6534883178021,2.5056587322395,2.3478336832322,4832.42501596134
"62",2019,"California",-4.53662978611132,0.488288567944387,28.6268339494353,2.38529949072965,1.75170543950536,1657.2462624258
"63",2020,"California",-5.47047845121909,0.0977888358004154,18.4946423023929,2.88992726938573,4.99314996234728,911.77942560568
"64",2021,"California",-4.6492150884991,0.115581974301621,-126.486652777288,20.1379091091694,5.10392833735474,496.877728582326
"65",2022,"California",-3.87996358836728,0.218474707273497,15.0895400134706,0.999599336112742,2.47778892772966,776.545069506536
"66",2010,"Colorado",-5.14797729685748,0.480186090064327,20.7135996108783,1.5788361156644,1.40500898966553,2084.99325424347
"67",2011,"Colorado",-5.47820479893296,0.0355181689273149,32.2497180957231,2.58911859326434,1.39694938667028,4056.10180604178
"68",2012,"Colorado",-5.37298852044302,0.71868001447515,23.7251221832109,1.66893489523407,1.74183200915827,4918.27876130859
"69",2013,"Colorado",-5.69839920912121,0.665303135443363,22.1666684109919,1.77737470346743,2.15966287166202,518.899827045221
"70",2014,"Colorado",-5.47497711069534,0.78665534154949,21.6576684728507,0.75886560956629,2.13043416708601,1947.98368265711
"71",2015,"Colorado",-5.5759317216846,0.386085832138597,33.6055321147591,2.40174591613727,1.7052205275992,3647.31982146952
"72",2016,"Colorado",-5.96020397888422,0.703783874921668,34.4101279532051,3.28097465795719,1.67053188565832,354.772517126885
"73",2017,"Colorado",-5.73511107956762,0.830467189315651,26.506792099982,2.35734253041422,1.8979708494904,2244.89781782933
"74",2018,"Colorado",-6.76328263320525,1.39189413731546,23.0649678260746,2.58189293261462,3.21478574114079,708.406290812925
"75",2019,"Colorado",-5.29738551790894,1.00602776273203,31.5251436354909,3.05400646788768,1.47120274693385,1220.4294151853
"76",2020,"Colorado",-5.74417396918827,0.0751281600227213,10.3582678077604,1.86697357118839,22.3407620882359,2023.51819697514
"77",2021,"Colorado",-4.53212795571403,0.0511974325091019,43.1829500278853,3.56466963931611,0.906106240123728,508.88743149604
"78",2022,"Colorado",-3.7715130306976,0.452011181466818,16.5153418991823,1.10508466545077,1.65207641778692,662.589718116857
"79",2010,"Connecticut",-10.2140340281452,1.79436267195539,20.0238979154457,3.00357952383859,2.3447757795945,1840.07061491896
"80",2011,"Connecticut",-7.5303697907799,0.864422485735409,18.3761956297267,-0.0942928899209899,3.95149748787333,609.611229907179
"81",2012,"Connecticut",-9.60149757988256,1.78780491714246,26.5713975619421,3.11291649991926,2.61688558568289,368.771157602897
"82",2013,"Connecticut",-7.5608126367846,1.44622259441947,40.6880224971069,3.32655897081656,-0.678005503236162,188.845394648947
"83",2014,"Connecticut",-9.51105217069632,1.84213703588271,25.9598405442233,2.93318145874596,3.25770838951802,257.21236894093
"84",2015,"Connecticut",-8.86356733133834,1.72189093942276,28.0480131579339,2.88809283904977,3.07674351798857,820.486830900718
"85",2016,"Connecticut",-9.75747609906099,1.88389702258518,30.656153340639,3.34965267100102,2.59275513138868,618.047532344815
"86",2017,"Connecticut",-9.7079612996184,1.93894307140579,25.0139695447785,2.77856279600958,3.2040374029778,272.667240635881
"87",2018,"Connecticut",-9.39721695606826,1.86968413281955,33.3483349566743,3.63809241650092,2.09471785190929,395.747551488188
"88",2019,"Connecticut",-6.17812241448774,1.32471142134755,29.6873853823301,2.76176468589366,2.35518364345356,294.170853822743
"89",2020,"Connecticut",-4.96730282354211,-0.29231612195854,17.1122820529084,1.84330698818037,1.43109987775254,3145.71822299708
"90",2021,"Connecticut",-5.12465274874168,0.114665359907707,16.2498690535768,2.74703073386793,3.93006785827678,485.30400597289
"91",2022,"Connecticut",-4.18215937942474,0.505272998714123,17.6515637095674,1.51145500308586,1.41699239156446,2216.02750765993
"92",2010,"Delaware",-8.75265271325546,1.59804625793113,21.15886033121,2.71548373364651,1.84323009796544,706.37175540722
"93",2011,"Delaware",-10.7122095875394,1.68548289040814,20.6010213731342,2.48824448494621,3.03164189990081,579.186451683059
"94",2012,"Delaware",-8.43920110556713,1.68817636549126,23.5036211595076,2.20216011907671,2.21078902680178,409.657929546538
"95",2013,"Delaware",-8.93187512797579,1.70727970609306,25.1012578109462,2.56623563789698,2.48526034747589,235.734011189777
"96",2014,"Delaware",-8.62747606499633,1.61764598736436,24.5597629940873,1.74975406629287,2.12987211249339,784.466139702581
"97",2015,"Delaware",-7.71779476568656,1.12187405164237,35.6726698830215,2.40561582648536,1.47802544081351,346.165989602133
"98",2016,"Delaware",-8.12462063685079,1.20117650478888,31.9527126788667,2.66143931095365,1.63759132279141,525.054331554568
"99",2017,"Delaware",-7.35744143306201,1.41478765412552,27.4525696121627,1.76694500665452,1.84035553046456,411.462525811108
"100",2018,"Delaware",-9.95013982373866,1.77123458708142,28.5076224628856,2.72742210978458,2.27298435104421,882.719766652549
"101",2019,"Delaware",-7.38651173894787,1.42300632430709,32.4152065230211,2.59053609033562,0.567724614909559,165.83775128718
"102",2020,"Delaware",-5.42936747517188,-0.259221572765084,17.764553385461,1.22193956088697,1.55110854643153,2951.16990997234
"103",2021,"Delaware",-5.52852463608701,0.121167277579048,17.2801742285186,2.80087886628608,3.63869392567738,550.512645274281
"104",2022,"Delaware",-4.60314511024786,0.26712802771416,17.625989692916,1.47103962496375,1.38341687266005,1161.39746882624
"105",2010,"District of Columbia",-4.93501668429834,0.550206719406852,25.7308891083788,17.21395042,-0.724931701930371,62.9649811906093
"106",2011,"District of Columbia",-3.64936943274273,-0.325697868326573,7.42192354382066,0.731016311682069,2.93826652794456,780.847788302399
"107",2012,"District of Columbia",-3.35093721415628,-0.358492690515308,16.6384093550283,0.803213263343103,2.95591495818721,498.262885355999
"108",2013,"District of Columbia",-2.85891841569692,-0.27153313907539,18.5962623065559,1.1335092938307,2.75386773639622,297.646365496139
"109",2014,"District of Columbia",-2.73928041169254,-0.102745847882759,21.1188135399829,1.17557973159516,1.24219369517074,434.499626063729
"110",2015,"District of Columbia",-7.74330876089142,1.63407991233305,14.3273786428862,0.731842312453871,24.6956325,215.825378467385
"111",2016,"District of Columbia",-4.39304007690868,0.74659170537555,34.8775710106156,3.57787042065123,-1.296736503569,42.7670156520414
"112",2017,"District of Columbia",-4.30779037186588,-0.0605678235602352,27.2500828568266,22.7867457989062,1.97718750924768,305.036378605107
"113",2018,"District of Columbia",-4.80228842025593,0.275101606029301,22.2339644221649,2.62796487380936,2.93580320742827,782.140468724642
"114",2019,"District of Columbia",-4.79172471799277,0.519062699711148,36.4061498888797,2.97810853399496,1.58936581217231,440.422819699787
"115",2020,"District of Columbia",-4.79224824948053,0.162364088144553,11.4213629678891,1.11041541302691,22.7017438814031,561.859929363684
"116",2021,"District of Columbia",-3.44960242272549,0.464387945667237,-198.21514851519,18.935345462,4.83104359765027,379.721448693222
"117",2022,"District of Columbia",-3.1251676329459,0.175554441920417,14.6402465993957,1.3992698057546,1.39747897865936,1026.47576535043
"118",2021,"Florida",-4.43172370558074,0.140148608117068,17.0616265961191,2.25920587329895,22.3146118894128,216.293877201352
"119",2022,"Florida",-3.55747219620179,-0.175975602126233,16.8374314304208,1.53906913454013,1.89363954637936,3199.13804993214
"120",2010,"Georgia",-5.01575807301091,0.778955657442452,11.6767851959867,2.06054373634492,2.52389897535533,1043.76236261333
"121",2011,"Georgia",-4.74277666718625,-0.0149998613860291,22.0759348040232,2.44460238324014,2.471267605869,1233.85750412081
"122",2012,"Georgia",-5.4060412807846,0.809069847159344,20.6014794207462,2.13050860776708,2.42366852491701,865.122923605926
"123",2013,"Georgia",-6.34816805561499,1.06196504007836,20.4281243786488,2.36440079243681,2.25766240654302,1329.95232224093
"124",2014,"Georgia",-5.65974530936552,0.921273423511099,17.5280822931018,1.16311761777459,2.84106268784614,610.911603672409
"125",2015,"Georgia",-4.83252864174767,0.169591732658246,34.1891473582064,2.66546625252391,2.17986368445563,1794.70607011187
"126",2016,"Georgia",-4.55343966909246,0.485191432182773,30.9420089771554,2.75374480036464,1.61507481198901,2176.99925979536
"127",2017,"Georgia",-3.99770913103776,0.805689687631048,26.5122895430945,1.67381378193982,1.05464450495953,628.192617126083
"128",2018,"Georgia",-4.86114831682083,0.691188682936969,24.4011153332087,2.72635421031918,2.56793186442871,1461.36698269283
"129",2019,"Georgia",-3.99924123344434,0.494456918732676,22.2893171643819,1.95242917544217,2.37919557377324,301.182291157911
"130",2020,"Georgia",-4.97334262479725,0.114505545362939,24.5404781120195,3.85160142215423,22.8409242076385,1476.03851583946
"131",2021,"Georgia",-3.9124709151354,-0.0704657013722389,-26.386122550114,23.561594637375,3.72284923617352,265.609784584783
"132",2022,"Georgia",-3.70609539395277,0.178377363023374,13.5417465922132,1.81044046056101,1.77175691052706,1876.7610831764
"133",2010,"Hawaii",-4.37343990814712,0.368968918585535,21.554693229954,2.02658530356502,1.45722541714858,491.190192542826
"134",2011,"Hawaii",-4.69362170760418,0.190738190176774,35.4561981222901,1.16184241064517,2.23765827399978,2174.45440615417
"135",2012,"Hawaii",-5.27142488514033,0.655759259578087,39.5834255681763,3.38949616742712,1.80029956541882,554.856047429878
"136",2013,"Hawaii",-4.38399923076771,0.381702469884097,27.9937860297735,2.18836199988989,2.34373658100752,353.024145550598
"137",2014,"Hawaii",-4.53717900286654,0.931710722472251,26.1332107469867,2.51851426737633,2.54027448251583,160.071503573791
"138",2015,"Hawaii",-4.16335161700963,0.463136229714633,32.634915686818,1.51240127040944,1.4856309359435,574.740622452772
"139",2016,"Hawaii",-4.60535578503876,0.375490586774544,28.2324120474828,2.60003951103996,2.11791093646544,1270.90636891076
"140",2017,"Hawaii",-4.74363694272303,0.681943368581084,23.4439996045628,2.32077882264045,2.61090513416222,606.717670489891
"141",2018,"Hawaii",-4.22357606807431,0.204114712073101,27.7166648187041,1.56104144676563,2.13931033014213,790.768567845904
"142",2019,"Hawaii",-5.30877014828653,0.76934990044738,31.3435152735102,3.19115769471098,1.02359733364503,699.863141437081
"143",2020,"Hawaii",-6.10061181080911,0.0718824850002243,12.9449647959326,3.67164318783913,23.5132372204297,769.524232671119
"144",2021,"Hawaii",-5.27363288895225,0.0871623205573916,27.5293586636286,3.66800633263734,23.4784906125,321.217238828202
"145",2022,"Hawaii",-3.99506320951484,-0.164700944762631,13.0805402719755,1.75789286347418,2.7449890440398,2708.39999625163
"146",2010,"Idaho",-4.40433513324025,0.447048699406365,22.1489421701465,2.02733773543446,1.58979561258132,554.953808519483
"147",2011,"Idaho",-5.43401642493049,0.642605196851575,35.0463173115236,3.09587002469072,2.18291911070268,1499.86714474875
"148",2012,"Idaho",-8.00994595104325,1.51773885583059,24.9115458579914,3.16314450638317,2.40395443118395,483.907786695267
"149",2013,"Idaho",-8.76717960447289,1.69197126153673,24.4804615863103,2.79798193384023,2.82316738700664,106.57510804001
"150",2014,"Idaho",-9.35375444397537,1.86669220513851,21.3518132359223,2.36812530461738,3.41612523123255,313.747344182833
"151",2015,"Idaho",-6.51786698912036,0.987269919890924,34.1774708570088,2.88316819328202,1.56485208228194,240.480049640742
"152",2016,"Idaho",-9.09817389914008,1.63073919788322,28.1619738617757,3.32779772069609,2.38724333766301,379.438204641777
"153",2017,"Idaho",-9.52634872100072,1.77885633048496,22.929803867517,2.41903917224622,2.9346076013634,388.758160124468
"154",2018,"Idaho",-10.0336918621176,1.87991546505404,28.6402211543284,2.83462751038094,2.53557886478169,402.359991425648
"155",2019,"Idaho",-8.16326002340534,1.55024232645848,23.1378905514558,2.6197472965282,3.38392067083661,65.2948015930483
"156",2020,"Idaho",-4.8401166812216,-0.681799547339332,17.4829541529813,14.225582209445,1.22254343880149,2413.95953786929
"157",2021,"Idaho",-4.82122763243613,0.0973502325341898,31.2181454892457,3.44252748928363,1.86977820957711,928.705828182553
"158",2022,"Idaho",-4.70494476093856,0.927140272341074,18.8142047904666,1.35533939881533,0.997212052089423,1204.7406045471
"159",2010,"Illinois",-4.37566201172974,0.271743661419339,18.5128500672613,1.84833926894815,1.83922048938667,3607.26420493885
"160",2011,"Illinois",-4.28746623626648,-0.103530368389976,32.2271403117292,2.31908798098307,1.30728471858698,2163.65272876475
"161",2012,"Illinois",-4.23786743169879,0.201268086671321,20.5175576800284,1.243072833922,2.2303374686773,2002.17550620229
"162",2013,"Illinois",-4.69905800040812,0.172265651313907,21.4602681352459,2.18974163110384,2.69144950665933,1582.26071912044
"163",2014,"Illinois",-4.36289065905383,0.201399401142102,18.2032498703122,1.11138841212762,2.51330805869472,742.174536613531
"164",2015,"Illinois",-4.69374415277783,0.303165973020468,31.0133962139187,2.65631645608948,1.84873488591972,4104.11566793171
"165",2016,"Illinois",-4.79462138793477,0.462315891059279,29.1501936429145,2.46776864769356,1.86148720424694,3124.03439699893
"166",2017,"Illinois",-4.79834557632542,0.711573007507055,23.2402187801891,1.61004476202918,2.08169026326514,1701.14409179128
"167",2018,"Illinois",-5.21636162530521,0.578829606898885,30.5529776224322,2.61618189499961,1.96872691915047,3077.45175966107
"168",2019,"Illinois",-5.18731548522134,0.939614836544365,30.3495487411544,2.62667438595997,1.90760528278853,1437.7669619548
"169",2020,"Illinois",-5.44911948710262,0.0816337886598538,-138.150496369973,16.4409009334248,5.08980142918715,1593.64281137783
"170",2021,"Illinois",-4.88636000109217,0.0561916781232437,40.1717007688087,3.39920243008772,2.48854033791165,761.631732274097
"171",2022,"Illinois",-4.02710531550844,0.297297997652123,18.244761860354,1.70848786365489,0.956747033567004,1467.10598412474
"172",2010,"Indiana",-5.28398547864881,0.972089870618277,18.7952340931819,1.52956158546909,1.52742922041677,1756.12361780512
"173",2011,"Indiana",-5.447195249989,0.350331483314471,32.7546327166202,2.8089899819403,1.51587509328393,1441.63173676576
"174",2012,"Indiana",-5.34909419541025,0.900171175952965,20.5523281169174,1.15554932867935,2.30740095297232,1046.90436942725
"175",2013,"Indiana",-5.30821005848126,0.694189619702751,22.8200740478979,1.81711098695501,2.05703775611368,922.505248302821
"176",2014,"Indiana",-4.99336951516865,0.797972546024752,19.3733175600176,0.885372391793396,1.97101649992152,638.386619112788
"177",2015,"Indiana",-4.80147377007968,0.129021421483158,32.942720209908,2.47552295954127,1.22761938976193,718.464175315277
"178",2016,"Indiana",-5.45556531811877,0.903734737544971,30.7470252825757,2.38790848945041,1.59114706266572,642.457926462854
"179",2017,"Indiana",-4.52105157023229,0.752873054520817,23.0225295880973,1.28565896963176,2.08225039323571,945.323944077445
"180",2018,"Indiana",-4.8377126066313,0.609044607527414,29.505291038072,2.44487662830312,1.84026946019425,758.014166863438
"181",2019,"Indiana",-5.13490617560971,0.87342013406038,30.7941240867795,2.54918406277087,0.975915873444208,367.700013852652
"182",2020,"Indiana",-4.67167892029608,1.54179342601073,-47.0951952489826,18.935345462,3.27908793809189,1879.89479920434
"183",2021,"Indiana",-4.94121170565587,4.33680868994202e-19,16.7693313022135,21.3521763802177,3.25963771391186,902.498399067903
"184",2022,"Indiana",-4.15548845272487,0.473702384469752,18.071208602619,1.40215411966226,1.07509121144658,2856.15239886677
"185",2010,"Iowa",-8.74992541677782,1.56163363711792,21.6228587753262,3.08731670809554,2.19029337359366,515.529226225272
"186",2011,"Iowa",-8.65870284775751,1.45252714289145,29.3722617663781,3.26129262899143,2.19460923406386,492.078959001171
"187",2012,"Iowa",-9.25685349475952,1.76052562514829,23.7520490866323,2.62700721871935,2.52681431023934,437.324563989173
"188",2013,"Iowa",-10.1872011509099,1.53338646211948,13.8079621376402,1.72371240176148,3.94520667690389,2040.51737131314
"189",2014,"Iowa",-9.07820832730892,1.64234633336717,28.0716119178709,2.82718681336303,2.37762981895164,477.685401758
"190",2015,"Iowa",-8.24119519191874,1.35538339185023,33.2553062952216,2.95961568530051,1.82221595298315,339.073960973407
"191",2016,"Iowa",-8.13765302092321,1.46505392802501,26.6849070446365,2.36978897118548,2.17963491067115,521.934655869399
"192",2017,"Iowa",-9.53426373830814,1.81676180479469,25.3780183247018,2.51734521988602,2.53157698978681,581.6404321048
"193",2018,"Iowa",-5.76196813466157,0.85320766032935,31.9013128118572,2.25378967878569,1.31563398410848,1593.29787766869
"194",2019,"Iowa",-5.34578800474456,0.81233328554884,30.3798162883368,2.37327771113291,1.21965182133839,765.437926544893
"195",2020,"Iowa",-4.93053630323505,0.219767694237112,12.4539745617931,20.8288800082,1.56902436269072,193.748497101145
"196",2021,"Iowa",-4.84272499426778,0.38065208834491,21.2832287995373,1.80972400296486,2.47660425680074,1019.46441224787
"197",2022,"Iowa",-4.72709370881452,0.695715999099228,18.8593916068091,1.42341316704181,1.49454313693408,757.771318421614
"198",2010,"Kansas",-5.59378588792838,0.795723649965627,20.8215159823591,1.97365556295551,1.53996357371283,1335.76893498122
"199",2011,"Kansas",-6.79899034554247,1.07583507836391,31.2221375841905,3.03841048578903,1.73456265728393,584.333812514768
"200",2012,"Kansas",-6.32007237493746,1.27543598615687,24.9243960743389,2.18298185681249,1.85585566168331,1099.39921472644
"201",2013,"Kansas",-5.88104097589574,1.07578852379538,23.4035619194207,1.83367197236782,2.06134455531757,900.191932140345
"202",2014,"Kansas",-5.52400404057144,1.11256441955162,22.0582484873851,1.64653141417078,2.44261616718179,768.17810844038
"203",2015,"Kansas",-6.92876906704582,1.15867754469771,33.6141907154863,3.22182666364404,2.10244316751692,1116.34083057611
"204",2016,"Kansas",-5.7527317745952,1.16589760759571,28.0644213689079,2.18941364925374,1.92698051224733,651.093120420434
"205",2017,"Kansas",-6.39869584963399,1.45875936993238,25.3380113091677,2.26040732853415,2.33388506496435,316.007263360947
"206",2018,"Kansas",-7.86645663068531,1.55626353170562,26.6835767786271,2.70821556604597,2.89005667881797,386.810343432199
"207",2019,"Kansas",-4.78989859882743,0.87267799989655,27.8140045239799,2.17694108028851,1.98696750498086,631.712463858861
"208",2020,"Kansas",-4.81334718073473,0.688639126654999,-82.8276829361929,0.738279350410911,3.89679212724839,824.625877395544
"209",2021,"Kansas",-4.4554231344474,-0.308100260550271,33.072304124723,3.08045846714437,1.86974557184365,902.069031859502
"210",2022,"Kansas",-4.48774535998447,0.659003937519849,17.6706785683094,1.47100848920591,1.33246134480111,1461.47002289907
"211",2010,"Kentucky",-6.54501158408616,1.04303152286837,19.7536352789118,2.14398854756935,1.54579948697902,1161.25798593273
"212",2011,"Kentucky",-8.82372581495903,1.31681635906374,29.3864175181443,2.96567635649088,2.18661741183364,1652.55689237361
"213",2012,"Kentucky",-7.55091286862023,1.2390117144596,25.2671328177893,2.09931519810331,2.15903229375107,1436.66606974314
"214",2013,"Kentucky",-8.37421932323515,1.37138156638297,24.9723083188366,2.75565222464129,2.15104567255643,1154.68193615347
"215",2014,"Kentucky",-7.72892465367196,1.40271206628986,20.2576549342395,1.25691559971042,2.32786930358293,940.15754596275
"216",2015,"Kentucky",-8.92084886550339,1.57994536445344,33.5983681470763,2.95783652788837,2.18184730574038,908.049735482076
"217",2016,"Kentucky",-6.09108426763491,1.29047581139751,31.8036186443466,2.54248259229187,1.54336875936267,554.737917693864
"218",2017,"Kentucky",-6.01282707661251,1.37057050846474,24.1728876404633,2.08809980869021,2.28989731358232,992.138638198838
"219",2018,"Kentucky",-5.28732884468109,1.0681724784564,27.8698860780454,2.24539280350056,1.79890076034443,669.780983040771
"220",2019,"Kentucky",-5.10563597425183,1.06120449638598,28.7784806140467,2.49025948782599,1.62516672294399,658.524557389182
"221",2020,"Kentucky",-4.73637875817359,-0.517515639644874,16.0082500970709,1.5350041409967,1.73510088016906,2357.84297128963
"222",2021,"Kentucky",-4.61277987508415,8.67361737988404e-19,22.885449755006,3.07574795697276,2.87815576581519,772.914431444859
"223",2022,"Kentucky",-4.03758561894569,0.585990824196792,16.184862005737,1.15680078009216,1.40535829625319,1384.93053556268
"224",2010,"Louisiana",-4.44782361381852,0.632706491366002,18.6253765370062,2.18955046454436,1.611812570022,855.304094672564
"225",2011,"Louisiana",-5.5322426624513,0.720770975190356,10.5883848393504,2.04612179499396,3.61655011751234,1773.50057276758
"226",2012,"Louisiana",-4.32351627100599,0.523603762182003,20.267859267492,2.03041423360053,2.31915918500386,1400.82263443839
"227",2013,"Louisiana",-4.14587877571085,0.373001365225543,22.0801781545425,1.82054413897075,1.78067190480354,1008.46220872418
"228",2014,"Louisiana",-4.46336619387438,0.53930215007427,20.2302571944863,1.92337568438746,2.44162624319331,2571.26502564327
"229",2015,"Louisiana",-4.69030985362295,0.162979106677396,30.9326349557636,2.92569708019132,2.24208811940063,3731.40953348103
"230",2016,"Louisiana",-4.34235290135014,0.255815856483735,27.7327413018496,2.21754391121381,2.00534191805212,4035.41846980013
"231",2017,"Louisiana",-4.11157772653602,0.657768685855606,23.4331078835205,2.02597349729947,1.70003908618728,1757.4392082637
"232",2018,"Louisiana",-3.88918121142969,0.427085104397179,29.9696284574399,2.27237514511063,1.46833136800549,552.87724891089
"233",2019,"Louisiana",-3.62260035422601,0.458313023327456,33.1849449571997,2.87564001242315,0.991818577262805,287.612920178327
"234",2020,"Louisiana",-4.68897616965627,5.92987913196171,-338.351670699627,17.21395042,4.56659368159159,474.001851965951
"235",2021,"Louisiana",-4.34329988008532,0.136036465373469,22.0215234115501,0.871289525961985,0.761912248637753,2494.6581698713
"236",2022,"Louisiana",-4.37592749639094,0.38233244901546,14.1615219692044,1.70009132346004,1.99401412326409,3652.36135855931
"237",2010,"Maine",-5.371814157714,0.403562496647682,20.0333329724387,0.986225657454217,1.4007521012559,3475.4793974576
"238",2011,"Maine",-6.20643309304075,-0.00436989181803387,-11.5497386805191,20.3716253990538,4.03995380097031,2055.54299985945
"239",2012,"Maine",-4.99130964340841,0.494705267290094,21.0737066859724,0.45700375109869,1.67982428821251,1438.8068961134
"240",2013,"Maine",-5.27974969722747,0.201026605044812,26.4496593397366,1.76665438191599,2.39974841634454,1930.01349108619
"241",2014,"Maine",-4.86531397481283,0.221564979000015,26.1205119263785,1.96263192994875,1.88742240872486,1475.52483416985
"242",2015,"Maine",-5.1735841989115,-0.132391398824914,39.0729479996287,3.03426595443776,0.738036399011414,1475.81040712401
"243",2016,"Maine",-5.05930025342755,0.134636935765523,35.5112317414276,2.08024046691463,0.599633387068829,2239.54358599402
"244",2017,"Maine",-8.90493054678646,1.48993485136469,29.9185758130078,3.60667068272469,2.25805881599181,1323.84314837115
"245",2018,"Maine",-8.89956775919027,1.68285657241258,28.3220466886083,2.84641370724372,3.13825140448276,597.874532867517
"246",2019,"Maine",-5.47696479975452,0.974299442780592,32.1850488118931,2.57113105056005,1.04356038259573,2103.20338084139
"247",2020,"Maine",-6.02140769567896,0.1214948354214,-249.197746745405,3.27727748554448,5.59694769722826,2073.92556320103
"248",2021,"Maine",-5.54406842230567,0.336301966553959,14.5710971220961,2.43929479696424,3.80478259026013,514.070865619496
"249",2022,"Maine",-4.63000120020867,0.845807408653246,19.7256763491209,1.41595104824343,0.916348305007809,2058.12049931716
"250",2010,"Maryland",-4.2231971551713,-0.0122874273030365,18.0409773386342,1.67553215397898,1.1741943786171,1091.00285008054
"251",2011,"Maryland",-3.91704167564748,2.92269685824422,96.4612752733795,2.99010645232953,17.1693445,200.857099465681
"252",2012,"Maryland",-4.68504888558416,0.220589523822234,24.3832205452376,22.236651022,2.88401007809464,105.229194151905
"253",2013,"Maryland",-4.92774565102916,-0.165311845346119,26.7387142175826,3.06639998128983,2.19639211282172,492.637822836039
"254",2014,"Maryland",-4.31917063469565,0.237702677053114,21.1458572928615,0.705997378462921,1.23867840899865,609.039612841867
"255",2015,"Maryland",-4.296364596791,-0.153025492483112,31.6186713201476,2.40617239239874,0.473223679624582,866.837439690347
"256",2016,"Maryland",-4.50306807077728,0.418327656649081,29.1066299883487,1.6486428159242,1.55392471660033,1226.01014009809
"257",2017,"Maryland",-4.59069147017805,0.555683662703085,25.3155928140689,1.58451679497326,1.72657232797954,1024.6760729168
"258",2018,"Maryland",-5.78090025000457,0.94213976510352,31.1502323191656,2.78790722696556,1.6604937579868,840.783839738403
"259",2019,"Maryland",-7.01489146961557,1.48415849099939,26.5207364438949,2.65644769414095,2.98437878328651,684.112962762236
"260",2020,"Maryland",-5.58473238575717,0.108148881972411,16.7903566918749,3.15029045052527,4.59572323800495,1399.36227359037
"261",2021,"Maryland",-4.92214818384479,0.10662199837896,6.85998936938273,2.16002091827284,4.16619385186931,438.764631263443
"262",2022,"Maryland",-4.00819657581817,0.363655224041618,13.8010782188536,1.06500261275619,1.86477267938279,2895.08838815749
"263",2010,"Massachusetts",-4.98501012575271,0.173884654049133,19.8160175069941,1.87867573861511,2.00332951859111,7028.32909406674
"264",2011,"Massachusetts",-5.14788750113848,-0.301205278669939,23.3431948479239,2.39492567967146,2.68902060685759,6299.00646236875
"265",2012,"Massachusetts",-4.99797259160582,0.404418303982785,20.2961269530686,0.823248225728354,2.31408968566297,2365.87295439121
"266",2013,"Massachusetts",-5.48376472240619,0.362505032763343,25.6933155184387,2.25923695736868,2.74300575935264,3283.33443856735
"267",2014,"Massachusetts",-5.08243763751538,0.299923920528762,24.1451138992365,1.67233721926896,2.36861004787571,2362.5421216899
"268",2015,"Massachusetts",-5.2338925891168,0.274451015492135,33.6091284393856,2.36228013361958,1.67341450449212,4812.0668218692
"269",2016,"Massachusetts",-5.39186395242663,0.468756436554433,29.2693923323781,2.23879308147708,2.11213868789243,3429.13686300198
"270",2017,"Massachusetts",-5.06198926051167,0.660662752536036,26.6185732129636,2.02180816687573,2.06105467425625,1476.53241066046
"271",2018,"Massachusetts",-4.96924867560669,0.439968019791485,26.3954896027274,2.23650356696637,2.32637415435889,3477.78314767035
"272",2019,"Massachusetts",-5.23481294026579,0.870448892919953,32.4194761411278,2.64497042892742,1.96772348636933,1292.43939204307
"273",2020,"Massachusetts",-5.9070767665456,0.08065102151545,1.55952374954079,-0.00248587441730698,4.36077259178426,2391.46747778995
"274",2021,"Massachusetts",-5.07001624500668,0.130973748961646,21.1085289627166,2.82545347595516,3.60434311572682,227.656094452188
"275",2022,"Massachusetts",-4.29564429906732,0.692043524602964,19.862179652614,1.41610036411989,0.880022399319901,1611.03647197566
"276",2010,"Michigan",-5.12145490760885,0.39321090725119,21.1443944832568,1.4167041228825,1.22998744284053,3681.2888837383
"277",2011,"Michigan",-5.11851882672454,-0.109926259088797,32.3592580338395,1.48820998377811,-0.170079532093358,3397.89442163173
"278",2012,"Michigan",-4.82118596108671,0.479689298562362,21.5602658400996,1.08056234793874,2.61827646641096,974.814618928971
"279",2013,"Michigan",-4.78543391852046,0.187057850924279,25.1222108027789,2.40246567563074,2.19129619839442,1437.47589859439
"280",2014,"Michigan",-5.3731224368446,0.684582988631181,20.2199512234605,0.615429125160745,1.99956659847612,766.867601422923
"281",2015,"Michigan",-5.75256384703795,0.622694755233164,33.7081292893043,2.47784334225619,1.80504853349784,1538.77845564195
"282",2016,"Michigan",-5.30025802140032,0.692371294909191,30.0105484328385,2.5349826744677,1.88162655381475,1644.23286781367
"283",2017,"Michigan",-5.31918947434689,0.795675719226913,26.1261431511038,2.37403663297077,2.06591996424166,1234.35639382117
"284",2018,"Michigan",-5.73458653055265,0.700349098492321,32.0371728354282,3.08578499833742,2.01825672058695,1538.39316422112
"285",2019,"Michigan",-5.80273006402808,0.907501413160552,31.0038960462891,2.75093662684976,1.37865407605786,2087.26227860744
"286",2020,"Michigan",-5.82752563213513,-0.627881491406878,15.3451572290991,0.728124786425853,1.19853195128908,4027.00803077001
"287",2021,"Michigan",-5.21833480032641,0.10828373992966,10.5860640259939,0.501632703735823,3.33851895369536,1155.19488576361
"288",2022,"Michigan",-4.59912989223738,0.320401690908195,20.2999018429977,1.80038559512723,0.553510518380175,2190.53916418375
"289",2010,"Minnesota",-5.26970511861075,0.597213809299182,22.8453125958347,2.11044655365245,1.60876463290295,2224.07778631683
"290",2011,"Minnesota",-5.19188553586344,0.279958331623889,31.3293728706004,2.95889256224853,2.14280289799063,1035.90400311826
"291",2012,"Minnesota",-5.08018310524114,0.725278269796197,21.0295639135092,0.605217233189148,2.06797147573253,1078.37609925464
"292",2013,"Minnesota",-5.3239407738042,0.606127562738289,22.0326997938205,1.18138238636221,2.77466513968241,545.784285095395
"293",2014,"Minnesota",-4.71357450338332,0.546624532112555,19.2051065178421,-0.0121022748,2.52489585555781,585.686208132653
"294",2015,"Minnesota",-5.03165468213465,0.147539787731658,38.0470344915192,2.9619496894636,0.919492592942593,444.515038263185
"295",2016,"Minnesota",-4.72154929034079,0.448047715988623,28.2288438777835,1.88824592745507,2.22382244381506,1324.41662614393
"296",2017,"Minnesota",-4.8102217381824,0.748164503888191,26.5917316584681,1.99717731913585,1.99135588954185,1358.54774859338
"297",2018,"Minnesota",-6.65303443934737,1.20433616701504,24.1563605892625,2.75633915931506,3.33649302683659,1069.09274067418
"298",2019,"Minnesota",-4.92762702379049,0.715579796011066,29.1914365925147,2.87332123226382,1.73787969267045,547.70426070733
"299",2020,"Minnesota",-5.58357496831043,5.76410321623934,-131.039406900425,17.21395042,3.65352786745048,1400.51128857
"300",2021,"Minnesota",-4.93731524311892,0.683197801373663,10.5868148926535,0.249485523103754,2.76241036985145,573.729473595093
"301",2022,"Minnesota",-4.43074139325369,0.452666027760513,16.7943807651492,1.25858035857459,1.13732489770105,1908.01418030288
"302",2010,"Mississippi",-3.97969517879342,0.402678693024738,12.8574353117341,1.82136215546112,2.28572894271967,1155.21572954993
"303",2011,"Mississippi",-3.89176208467398,-0.281303798145873,29.7224257225443,2.68197068847401,2.4150885015758,1399.1437362075
"304",2012,"Mississippi",-4.03748253944689,0.512720476476739,19.4199821437011,2.02441557910341,2.43884741035713,659.241005389387
"305",2013,"Mississippi",-4.01824613193282,0.344740007944625,20.5606066496986,2.05759217798327,1.91988329212302,2601.37754772263
"306",2014,"Mississippi",-4.07659244074735,0.475239338667513,21.4726010424265,1.81626262025066,2.39590949964205,620.049300962422
"307",2015,"Mississippi",-4.50503740035526,0.255131513658773,32.3439701358019,3.04632296129222,2.10115847782759,1579.11322326601
"308",2016,"Mississippi",-4.2105391091264,0.282078217652017,29.2675041012256,2.53900118382875,1.86859467530382,1373.58880122241
"309",2017,"Mississippi",-4.09571148863197,0.7171492473183,22.7643510362126,1.95066046221003,1.86485246600789,681.353290010039
"310",2018,"Mississippi",-4.2728664688119,0.482706075871496,28.6169899950978,2.41977569152834,1.77074465746654,708.864228853921
"311",2019,"Mississippi",-4.42374659342284,0.618064875437173,23.1513972597204,2.29478054965683,2.43828705100178,636.1133113452
"312",2020,"Mississippi",-5.02238621934071,0.119402708762145,21.6733398132157,3.32691598938694,23.3507590637016,800.561948951313
"313",2021,"Mississippi",-3.64781456269162,-0.107599636075541,24.1485191730699,1.51371804933396,0.685885963912862,1298.7867464607
"314",2022,"Mississippi",-3.71035503701123,0.300399691397183,13.3374782257197,1.01169659866598,1.95504875271486,1065.18501724826
"315",2010,"Missouri",-6.38494844406562,1.18334459434229,21.2110727616385,2.69339468456869,1.98959575790383,723.445514381842
"316",2011,"Missouri",-7.62980326958953,1.46073060290278,30.1599164622919,2.86400276008567,1.91204852700298,640.81992813229
"317",2012,"Missouri",-8.7469687811063,1.75669396293347,22.2946679317374,2.67752845959302,2.91187154732964,916.82709378044
"318",2013,"Missouri",-6.98885904928367,1.31061651360278,22.389403840549,2.44251849698248,2.67484573266311,482.474432778404
"319",2014,"Missouri",-6.38191302929335,1.22188844812511,21.4328317527418,2.11768795993874,2.72277650983071,353.902536071234
"320",2015,"Missouri",-6.88857390274049,1.1686696914723,31.0409432519674,3.06757238882257,2.63078639712939,753.220606538261
"321",2016,"Missouri",-6.69303440428466,1.3130531519379,27.175214334176,2.66583993039173,2.18723179096496,919.704768766614
"322",2017,"Missouri",-6.63365216766093,1.50515967281893,24.8011952888846,2.15186572895534,2.12622002420891,352.563076483553
"323",2018,"Missouri",-7.66280719118141,1.58014606717105,32.3077005961251,2.99704120706594,1.87548025775568,429.125167989262
"324",2019,"Missouri",-5.58626085477576,1.20344695806022,31.665193827791,2.40527791667883,1.00676500374306,242.051404477242
"325",2020,"Missouri",-5.58462724583331,0.0990247619219116,11.0244677239788,2.59806189221606,22.4733177331523,1282.77831051709
"326",2021,"Missouri",-4.3389362965417,0.181693335236607,24.9908163590657,1.93382749466274,0.366764268354031,1680.48872240904
"327",2022,"Missouri",-4.31992084921005,0.444205458115962,17.7644770089843,1.3256755542031,1.299262963283,1835.18788236205
"328",2010,"Montana",-8.24771471778158,1.24359936089488,26.0397023438601,2.57633210980535,0.655258455864075,441.861025553264
"329",2011,"Montana",-8.86624256346071,1.33335896709325,32.2574888766415,2.64660569817029,1.52264262741702,638.758096746709
"330",2012,"Montana",-8.47244152813689,1.41299463215057,25.4350567781153,2.28203209852366,2.27782884623789,478.080191554253
"331",2013,"Montana",-7.48622610115035,1.32511144879618,21.5619445467753,1.31083307186356,1.57059271830857,345.38010736745
"332",2014,"Montana",-8.35591416469481,1.43218972919099,24.4915256803768,1.99078927448154,2.30235668359147,532.857963319336
"333",2015,"Montana",-9.08677335451684,1.35685841111517,40.4669696286812,3.20520734145371,-0.523295294203647,986.590526889626
"334",2016,"Montana",-9.534371799137,1.41424293338112,25.0535311190275,2.45655496388247,2.25781052806585,997.721733435749
"335",2017,"Montana",-9.30518394477118,1.46516739875036,32.2418788888664,2.73999424338052,1.4131469344622,932.59217118752
"336",2018,"Montana",-9.94608615211832,1.84798037511198,26.1241512240825,2.689541695698,3.28890217901718,395.621744095201
"337",2019,"Montana",-5.17999874308626,0.750520001467164,32.5766641136967,2.41007538645178,1.06640584923263,2791.30346546122
"338",2020,"Montana",-5.25287758940607,-0.23436261372298,10.9589815467996,1.41901013716663,1.92698367871841,3513.50463679279
"339",2021,"Montana",-5.08640056853017,0.157218288249315,16.8894057892667,2.61959189819184,2.97558597288598,1311.05532073063
"340",2022,"Montana",-4.58296470953715,0.508174193246351,18.8407194280231,1.25034163695431,1.13260594372636,1507.54096306078
"341",2010,"Nebraska",-5.68419300939721,1.01111812275464,21.68766905395,2.82852468774536,1.49314550207515,250.237242142398
"342",2011,"Nebraska",-5.47393819853725,0.793853829388518,28.502806895868,2.60365869415935,2.47351936439109,210.10616451729
"343",2012,"Nebraska",-4.77167275318933,0.772173616540081,25.6953619745529,2.74700684452539,2.30062705051298,146.716871456912
"344",2013,"Nebraska",-4.63578175339243,2.52765957943553,-39.5073955615253,18.935345462,2.97678662893559,219.512542332907
"345",2014,"Nebraska",-4.8140635837561,0.469132697029771,21.0884487120639,0.466404964062981,2.22901900872767,578.906161149203
"346",2015,"Nebraska",-5.96974288905098,1.73472347597681e-18,31.70105775081,4.45785534150655,2.44226613753651,1012.73729817985
"347",2016,"Nebraska",-5.94197810135728,0.887416462588156,26.4668354252912,1.82591323228918,1.89440397072152,598.549097776127
"348",2017,"Nebraska",-4.96897100573745,0.840375393341244,27.5602436374451,2.39829531959915,2.11800310479829,597.423906879716
"349",2018,"Nebraska",-4.27315026484144,0.568369670743596,24.1722885053929,1.80235169395273,1.85344524592651,767.643995019922
"350",2019,"Nebraska",-5.12440845000849,0.917204836001873,24.0017780764442,2.43974163930874,2.38565319206741,610.500446779807
"351",2020,"Nebraska",-5.51912147579514,0.0600927295095504,15.2038154979984,3.39969716009992,24.6956325,945.989010421013
"352",2021,"Nebraska",-4.67252015977196,0.146723488439174,23.4586794728132,3.34704507827653,3.01465501912562,966.779795731779
"353",2022,"Nebraska",-3.76210666580191,0.535655460904925,19.1133440277668,1.55493013195657,0.737066847841692,1314.24590138483
"354",2010,"Nevada",-5.58167870166128,0.892555029881203,19.6315374665861,2.84334675456853,2.45195592367707,800.215014060909
"355",2011,"Nevada",-5.37791082242686,0.340323618897371,30.1486130073542,2.21388869238223,1.96733903884759,1122.25627719203
"356",2012,"Nevada",-5.05757115170656,0.516462575019628,25.6671751288053,1.51506585616301,2.20790080886759,1978.61524254378
"357",2013,"Nevada",-5.07718261106469,0.521649914385325,21.798278893821,1.33837631261293,1.75382743897146,1742.10808972164
"358",2014,"Nevada",-5.61612491072895,0.842716837666971,23.1888159794486,1.67546100046074,2.04696917465102,1495.09232345454
"359",2015,"Nevada",-5.57180148487359,0.538086855719246,32.4377083519721,2.55737604563182,1.26847533882023,1150.39874773429
"360",2016,"Nevada",-6.24267223037488,0.79928803456408,21.0439200692929,2.15876717821293,2.84237454296913,3029.72044700061
"361",2017,"Nevada",-5.52286282442509,0.745114349641494,22.8148652490397,1.88817751870391,2.2318114330073,2580.42170429288
"362",2018,"Nevada",-5.58359627417992,0.739270341618255,23.9108644921958,1.85037352263949,2.68577569531621,1918.62890763057
"363",2019,"Nevada",-5.31030134882182,0.517728767111414,15.1834080442418,1.27086328217523,2.8144852287766,1440.30387067359
"364",2020,"Nevada",-4.80598059438037,-0.0614577593660334,21.7219463139423,1.64672122381516,1.06467861578183,608.887320736617
"365",2021,"Nevada",-4.80606241222523,0.113880762992022,47.2926836965093,4.45758070086471,1.51693903699752,819.376508472229
"366",2022,"Nevada",-4.58641030685607,0.320961322877357,18.1354445601268,1.29885635723499,0.957244828908461,2352.20915949063
"367",2010,"New Hampshire",-8.88781276126714,1.32403239771399,22.8851245679324,2.98683892120454,1.79466834103083,1719.44372365292
"368",2011,"New Hampshire",-11.0425534874041,1.68676508947353,13.500221407099,2.00224412261742,3.46549986303874,1848.57505187824
"369",2012,"New Hampshire",-7.49831134371359,1.29786281225766,21.8915558638093,1.58480728652463,2.1630106526024,631.587058559517
"370",2013,"New Hampshire",-9.34333761197652,1.44357175811474,28.2161369664588,2.91037393660555,2.46046559515613,872.997354577263
"371",2014,"New Hampshire",-8.3001690289024,1.3937002183553,26.9460191578426,2.24097299304194,2.26372127578534,786.694173085445
"372",2015,"New Hampshire",-9.47656659136058,1.54560436573071,31.5288665796442,2.98401431533897,3.19389699429705,1381.38415084606
"373",2016,"New Hampshire",-5.55195916536809,0.303483633018678,29.0060013789626,1.13453679431183,1.89818743087764,1865.53821975641
"374",2017,"New Hampshire",-5.18111522224376,0.889447738988048,27.3986170179157,1.3679373795329,1.11274133216405,1167.01515718094
"375",2018,"New Hampshire",-5.26309365595356,0.532826873621723,23.6264815000774,0.621463141662726,2.24746299613351,753.882514360133
"376",2019,"New Hampshire",-6.98876484469128,1.38471337105956,28.9030602798493,2.45047801509379,1.54324366623805,410.477115432926
"377",2020,"New Hampshire",-7.14370058976253,0.624156702541221,9.41696580227028,1.82681704761658,2.59165216168947,356.891549537982
"378",2021,"New Hampshire",-8.5581658140929,1.41604163405929,34.3719662625151,3.17885401306301,2.61256580922842,136.56751548383
"379",2022,"New Hampshire",-9.24138309321879,1.62402893616618,19.1157359482616,2.3166634158714,3.36245781780468,460.753949445025
"380",2010,"New Jersey",-6.41844860665012,1.27201115048598,20.453287326549,3.04450100633676,2.77761672119747,368.069440869708
"381",2011,"New Jersey",-6.56664970142461,0.695455149492319,36.8910750725838,3.64259158988038,1.30333131202085,1451.72296254745
"382",2012,"New Jersey",-5.53506741900748,0.908452123656875,23.6461999454404,2.23859418821575,2.80592896089525,444.458548314771
"383",2013,"New Jersey",-4.45958061962342,0.0478972648235604,28.2798382099339,2.30357289968898,2.60843484614773,1369.32560825484
"384",2014,"New Jersey",-4.28350602371531,0.145701135541387,25.2324914538371,1.85380129817704,1.89592706687082,1854.0079739092
"385",2015,"New Jersey",-4.79765306026951,0.464555272824453,32.894489935199,1.84190926685935,1.80811768518473,856.214780788996
"386",2016,"New Jersey",-6.16775125610165,1.18915878627099,22.7329140079625,2.53244769082837,3.16421388377649,684.706589185791
"387",2017,"New Jersey",-4.06509882156216,0.585577328847915,27.3090522515228,1.76931577804473,1.38652934007356,981.429570697038
"388",2018,"New Jersey",-4.25698611904849,0.366531369586883,25.3496991696598,2.37941616116254,2.34786231832109,3071.03476480764
"389",2019,"New Jersey",-4.33751341563641,0.795565118683914,35.7060586116078,2.76360647775105,1.0695438202322,372.226109693858
"390",2020,"New Jersey",-4.24007002775943,-0.460129199428228,14.8486079560209,0.690156939151122,3.17229851763658,2457.26131376543
"391",2021,"New Jersey",-4.41184662636089,0.116383185244136,11.2942060444003,2.57841382953107,4.20594347649023,258.712318274405
"392",2022,"New Jersey",-3.45522884150383,0.143785859821211,16.0815795464671,1.28816399842062,1.55230083746451,1315.35395907806
"393",2010,"New Mexico",-4.3745573096029,0.330820636059427,20.6003951145703,2.45069571261933,1.66050562653327,1309.29364081892
"394",2011,"New Mexico",-4.73339733947968,0.143402607487112,21.879460126369,2.62968952642643,3.10408626201264,1227.78474126355
"395",2012,"New Mexico",-4.22716702695418,0.346863756718753,22.9679636455416,1.27129879719309,1.73190670673556,692.244435410414
"396",2013,"New Mexico",-4.16630310084154,0.289233222725532,22.7080712614879,1.33435189966255,1.76668283498665,1158.96686574933
"397",2014,"New Mexico",-4.24345105677963,0.28764218398364,21.0072724445288,0.382971571054796,2.01794701968372,1416.43916996956
"398",2015,"New Mexico",-4.5218452135732,0.374053416175522,32.6159737402764,2.05818462347899,1.32400768108666,1772.25533084768
"399",2016,"New Mexico",-4.44265723527929,0.320536082421634,28.2792582262444,1.66004145572289,1.55820102684014,1844.85382403315
"400",2017,"New Mexico",-4.45323379480835,0.686996649034313,26.2564296217482,1.62739566391173,1.55905781907268,1471.67201106799
"401",2018,"New Mexico",-4.74699636739882,0.698769790443843,28.7941621657264,2.24757754021773,1.82662042257597,713.84661621631
"402",2019,"New Mexico",-4.96005212377961,1.00096940749324,23.1787856709722,1.89435326011482,2.32004180619083,877.270078285732
"403",2020,"New Mexico",-4.50366966996342,-0.362845898095253,11.7056987899173,-0.0279542212317752,2.13278997598577,1900.02193326663
"404",2021,"New Mexico",-4.21452359451128,0.130846400638542,22.9588600452731,2.91235337577089,3.58721915521067,283.134119904842
"405",2022,"New Mexico",-3.41252069085895,0.623333340257705,18.7551491740287,1.36495637530097,1.0304259672101,946.717728473531
"406",2010,"New York",-8.03886843802688,1.584208616628,17.28940187174,2.50037635331899,2.88533437700838,569.403313292254
"407",2011,"New York",-7.71570746509623,1.05480487395927,32.9468150312888,3.28626438097127,2.55050092856932,3752.99990401819
"408",2012,"New York",-6.26349291526173,1.12646687895817,21.5713972618313,1.88293605295513,2.87002133582271,1292.86785614047
"409",2013,"New York",-5.39113469458077,0.610506601268599,25.0667430714029,1.88490972447941,2.80628014345428,1164.48416162849
"410",2014,"New York",-4.76935057473141,0.651253056334511,22.7203402975639,1.22359923593651,2.39721181151561,656.4631762526
"411",2015,"New York",-7.81552321444761,1.40518026978218,35.9924857496173,3.6647750677089,1.53935155671558,415.571648861715
"412",2016,"New York",-7.1734762990491,1.49217935872511,24.9356602664614,2.36099742718478,3.07182992392087,279.509440110607
"413",2017,"New York",-7.49639966266627,1.58392913888623,27.9504437596151,2.9959478500279,2.41507383674136,183.39106118326
"414",2018,"New York",-9.80945880234443,1.8743713503031,24.7406588317729,2.76504482279628,3.34032376253194,580.148303526759
"415",2019,"New York",-5.35982312365921,1.01644350849604,33.8799295749957,2.76577076942507,1.35903308009288,594.501784563265
"416",2020,"New York",-5.53851938763317,0.134245404306698,19.736679522852,2.50828567111142,23.7224897492219,3618.47629187377
"417",2021,"New York",-4.80882300013947,0.123050879177239,17.490230514945,2.70050877212435,3.85185493819369,470.585089809907
"418",2022,"New York",-4.01948714871425,0.338780743940099,18.1216289897762,1.56762916070237,1.35681912596958,858.506798369439
"419",2010,"North Carolina",-5.32771686949995,0.9363584250178,18.5174654139876,1.38624546841406,1.40573430792524,3130.98735378147
"420",2011,"North Carolina",-5.61224976328376,0.217762835587754,27.0507913120646,2.61079681686606,2.62392818276038,1163.29053041707
"421",2012,"North Carolina",-7.30305496422169,1.39165851637719,21.5530538902204,2.78461841548148,2.7139574769583,169.191076448911
"422",2013,"North Carolina",-4.65437022804074,0.342778203984572,21.2624142315381,0.433874801585624,1.75514698962101,813.743072272801
"423",2014,"North Carolina",-4.90901032516628,0.749706319995252,21.1109318340712,1.0120425796558,2.11597814718789,898.647527457627
"424",2015,"North Carolina",-4.94304575435397,0.435953433628241,33.7980766688132,2.5632041338942,1.96111765986045,1074.60741361862
"425",2016,"North Carolina",-4.83735677865856,0.701751748130384,30.8718323166622,2.33789382747058,1.52629312319602,604.674291541648
"426",2017,"North Carolina",-5.21520822342256,0.956093171373707,26.7025134927687,2.12576187675218,1.83357178950809,420.257832520229
"427",2018,"North Carolina",-5.58192161503763,0.941514046163237,28.8335893714083,2.48191862936109,1.99163800637217,924.802346153418
"428",2019,"North Carolina",-5.05629877535263,0.788435459806182,28.316616243044,2.34010398920547,1.92991051802868,1390.49634509717
"429",2020,"North Carolina",-5.82584541541268,0.102817065036914,10.3971971359041,2.53971291100108,4.26587511718026,1521.90039727589
"430",2021,"North Carolina",-4.69797753770329,0.0310970877681487,-55.9182449597235,20.4286662250667,4.27358464447977,601.595109677987
"431",2022,"North Carolina",-4.24364124541838,0.498024265734239,13.1546990702488,0.795194426426178,2.02605194194773,1919.33539858948
"432",2010,"North Dakota",-6.68177802950805,1.21004571586905,22.432825517184,1.69160755835107,1.59179183157878,187.414614401636
"433",2011,"North Dakota",-8.5144771405456,1.42429922912939,35.868353342559,3.64129296080293,1.66974451024254,626.135807238748
"434",2012,"North Dakota",-6.69357551240398,1.35035070229613,24.4468414178632,2.21568385624902,3.45178919693697,249.87176447461
"435",2013,"North Dakota",-8.12331620587245,1.50505904330632,22.4028463969194,1.88015427753416,2.44122539983499,430.50525238381
"436",2014,"North Dakota",-7.64007147448428,1.5286414329289,23.6215750996674,2.07441639227018,2.48682487285706,242.545010667902
"437",2015,"North Dakota",-7.7167987921554,1.33075192672683,35.8165014496195,2.65672628413777,1.88349029057383,211.268848033579
"438",2016,"North Dakota",-6.94659721708473,1.3298644907624,29.0694290236589,2.23870116083362,2.15091353412039,110.139892542066
"439",2017,"North Dakota",-6.71444113484577,1.20960810275797,22.7909822756986,2.13981817637463,2.71411776377897,174.805793875769
"440",2018,"North Dakota",-8.28275587215098,1.58385779664136,28.5655476789908,2.85737098499607,3.0070937395055,261.346841109722
"441",2019,"North Dakota",-4.98924094152582,0.837699030830993,32.3730773560326,2.72958948572895,1.08413027930259,351.774164441484
"442",2020,"North Dakota",-4.56953035956577,-0.113465746597982,9.16474309931523,-0.379894218281709,2.06410944131095,1481.90507416409
"443",2021,"North Dakota",-4.09211254340162,0.553341340861239,21.7168151022571,0.567318287299593,1.28398971649112,569.77656781289
"444",2022,"North Dakota",-4.07360859389304,0.59232401099648,18.6745653643013,1.46282777943692,1.8630684801465,262.632081589457
"445",2010,"Ohio",-5.89135299083274,0.81014487628886,18.3835483492805,1.47861736352887,1.82738172085783,1109.20111472655
"446",2011,"Ohio",-8.80354042933029,1.41331948687074,26.99046218526,3.17230098908866,2.94348299799044,2016.15074723746
"447",2012,"Ohio",-5.85895721544567,0.937975438115216,21.1606763869019,1.87196315452423,2.2383568222449,1176.07554742594
"448",2013,"Ohio",-5.8350276253882,0.554127997221414,23.9935362006857,2.09291985367069,2.198180934857,2674.87321986472
"449",2014,"Ohio",-5.28959337745684,0.822378130000583,20.5982984014083,0.498488445999967,1.71447113114017,984.526707168164
"450",2015,"Ohio",-5.349697797693,0.222835017651438,33.765653685752,2.30566145354683,1.37898726084334,3110.72654158167
"451",2016,"Ohio",-5.14314156854887,0.477743486182941,28.9485395434869,1.98409334823286,1.65354055605301,3668.59068962834
"452",2017,"Ohio",-5.0303398525687,0.638527364939024,25.4065989583764,1.69457704312338,1.74622416418355,2087.24443600061
"453",2018,"Ohio",-5.0107899847452,0.324091274889228,32.9668670667986,2.31424459866286,0.911949346232231,2660.49278764827
"454",2019,"Ohio",-5.02950311290649,0.590199788750341,28.8770265940002,2.06293486945902,1.71928930292866,1836.25139394
"455",2020,"Ohio",-5.32218523993296,-0.146692607583256,14.3425745716346,1.32415852063465,22.6970099316936,2238.51099162401
"456",2021,"Ohio",-3.79941028865892,-0.0411373207551238,22.4163597841665,1.52444898828017,0.46596695222895,1031.31197230226
"457",2022,"Ohio",-3.84800992436367,0.514605946101108,17.8267998598127,1.52200514257328,1.17998531868719,2256.09984511915
"458",2010,"Oklahoma",-6.14104188051059,1.31886149830722,18.6976565042557,2.51609588009383,1.89193235289209,241.470042442514
"459",2011,"Oklahoma",-6.46479313552758,1.19141570403866,30.7554516031422,2.86487393583834,2.37880186450677,162.947763385627
"460",2012,"Oklahoma",-6.22727425900843,1.3222783915029,24.8913208351758,2.52018871148316,2.27198577874391,181.100250481308
"461",2013,"Oklahoma",-6.69975152827563,1.3967371801263,24.5693238861575,2.774596078417,2.61234126700427,466.105793304961
"462",2014,"Oklahoma",-5.069610058827,1.07478244146288,27.4553469641012,2.20681922881411,1.95719505821243,522.502311990923
"463",2015,"Oklahoma",-8.59632114663253,1.69209126198431,24.9673614180358,3.03073316903328,3.13642452660102,379.355582557937
"464",2016,"Oklahoma",-5.34290240864807,1.19643254346512,27.5062444964192,2.38114258580649,2.04267346350203,569.640158844105
"465",2017,"Oklahoma",-5.90469702990292,1.26560065103776,25.0994461387132,2.46639953953014,2.05179088897476,506.700743824729
"466",2018,"Oklahoma",-5.1400107844348,1.04953194189376,28.7964668663968,2.41854488724227,1.86515082525917,195.626523162971
"467",2019,"Oklahoma",-5.47235612436464,1.18301754418705,29.1348512339239,2.65322204797751,2.17122266386848,738.587206205102
"468",2020,"Oklahoma",-5.14871511711435,0.50053246105193,15.6896721092717,1.62964474229361,2.42672445056353,560.363943520877
"469",2021,"Oklahoma",-4.68919157804745,0.300068936535399,32.1190632841288,2.78364981323957,1.8661303416107,454.284748982248
"470",2022,"Oklahoma",-4.44903417969512,0.666327127349727,17.1332242233617,1.26080352907115,2.09978041298518,578.360347612911
"471",2010,"Oregon",-5.21626867301335,0.30870729733478,17.3828841765321,1.94274440477514,2.38360875046701,1794.4764756069
"472",2011,"Oregon",-5.40837276550354,0.323288042620125,32.8008461923543,2.66945585109749,1.72447424052667,859.253480705465
"473",2012,"Oregon",-5.91130218633584,0.940364523343083,26.3797083582508,2.19320004093931,1.66226547125884,463.036376685057
"474",2013,"Oregon",-6.93193117337012,1.13445108449691,21.9598973344356,1.97206928631401,2.68177396198753,276.141358803111
"475",2014,"Oregon",-9.37339824921662,1.63687994856444,23.0059438514244,2.77128542191592,3.04732753525632,443.324081532657
"476",2015,"Oregon",-8.37359778535479,1.58204912586866,31.6607297423649,3.02577021540135,2.14743008081248,252.359724607106
"477",2016,"Oregon",-9.07874380441239,1.72712359525502,22.4154520008218,2.49350896218216,3.15038469363841,459.324768554402
"478",2017,"Oregon",-5.60610651977842,0.931867070682075,23.2893366705432,2.03890652783142,2.46960228595506,1295.01327349125
"479",2018,"Oregon",-5.12283903380016,0.620938075650241,32.1761422735533,2.36073431897114,1.38741201948331,1705.58126451637
"480",2019,"Oregon",-4.88747551476548,0.664850869943429,32.8024401980671,2.62630218251612,1.31062314450421,456.225216941857
"481",2020,"Oregon",-4.96367621175988,-0.189177704754376,15.4632762054521,1.87008958710192,1.61913571957113,4648.04584020654
"482",2021,"Oregon",-5.28274393745408,0.121920668205969,15.7861213649863,21.3481006416125,3.72732516967502,766.214975330581
"483",2022,"Oregon",-4.53697488581055,0.569909320031627,16.785050056698,0.823596883513754,1.49890764608958,1385.71533208845
"484",2010,"Pennsylvania",-4.87497471197006,0.487586717102388,18.7303799864673,1.78631264738298,1.80694089941519,3277.85846163862
"485",2011,"Pennsylvania",-5.40850540322757,0.192422837461673,24.0752012608739,2.52110312267179,2.73419103594757,5786.19610244281
"486",2012,"Pennsylvania",-4.96084438633456,0.636871936330519,21.4608125549994,1.39560890519399,2.29120027631965,1587.65013296478
"487",2013,"Pennsylvania",-4.94003737954769,0.329200792044224,21.2634890507139,0.58543495002177,2.55346041404015,2538.76879294451
"488",2014,"Pennsylvania",-4.58655848015945,0.553596843517195,21.231850850937,0.948154729520462,2.13158551898176,1361.31882554133
"489",2015,"Pennsylvania",-4.88765047885237,0.336591664569012,32.0859894691275,2.75373614285421,2.22180136586767,2351.39341810332
"490",2016,"Pennsylvania",-4.948094601379,0.600189811440722,27.043164342478,2.01023183962608,1.9533354632859,2042.32087855012
"491",2017,"Pennsylvania",-5.04726528704464,0.792108636904925,27.1076344385601,1.864087272698,1.822725260348,1446.77062108552
"492",2018,"Pennsylvania",-5.44124050990826,0.715114066727868,29.2963584682882,2.61592668138305,2.11693199886124,4256.08855533417
"493",2019,"Pennsylvania",-5.1630633443331,0.815634774234917,32.4167631129523,2.64633535505637,1.50828303657777,1735.37934715207
"494",2020,"Pennsylvania",-4.92968522296566,-0.223357689535339,17.2131037246904,1.31534592063194,1.39541066070287,9138.04753097279
"495",2021,"Pennsylvania",-4.58995418731795,-0.0281127876335405,23.2079894293878,2.31909255872292,0.192916862584437,2065.04547271724
"496",2022,"Pennsylvania",-4.51914255533356,0.350468840488081,17.3662219029664,1.51084061407854,1.503379221844,2766.62785923526
"497",2010,"Rhode Island",-7.47828106735048,1.26073092011888,22.5069133610553,2.78618979476305,1.89449879890203,449.191266762439
"498",2011,"Rhode Island",-11.6155397540791,1.80691418638834,34.4523451251184,3.56690550063362,2.49969670594413,979.301283781582
"499",2012,"Rhode Island",-7.94651481942087,1.47485566621087,21.8571793714352,1.96042259941532,2.32471717175207,413.230786691612
"500",2013,"Rhode Island",-8.89078016345646,1.50623056269806,35.7350812472822,3.05779083602067,1.8876444064095,635.975114340766
"501",2014,"Rhode Island",-7.2936484364789,1.35141464217537,25.441215255085,1.79796301791362,2.1133689272381,511.672224571871
"502",2015,"Rhode Island",-8.98751426766889,1.57169630311995,35.4810758279569,2.92411970484352,1.63094009348756,1411.09275496109
"503",2016,"Rhode Island",-7.53654510758915,1.41126358810954,34.2444456995444,2.92364150262407,1.4031127044036,279.126718153608
"504",2017,"Rhode Island",-8.04339598794711,1.62687248014366,26.981108333933,2.46784574330897,2.46340605215992,432.828957152958
"505",2018,"Rhode Island",-8.0293933973622,1.63258847568342,29.928331795787,2.64747641779467,2.3143874265581,902.783395117948
"506",2019,"Rhode Island",-6.96303677299277,1.5283878930983,29.1123175488333,2.34316275839993,1.15589807653755,432.946519510533
"507",2020,"Rhode Island",-5.65450444187506,-0.192955961003453,16.0378153906064,1.48194770490999,1.83713936807458,4736.73486766911
"508",2021,"Rhode Island",-5.37755966384673,0.192605642420555,13.165715994784,-1.93223775883764,3.26962640096913,561.548541910311
"509",2022,"Rhode Island",-4.76707995074945,0.807517950730907,19.1635467198407,1.24799316868335,1.0197741824196,1528.70708837925
"510",2010,"South Carolina",-5.84056691539552,1.11766327794338,18.8228061971486,1.53777429051127,1.51319975790016,1257.22540060774
"511",2011,"South Carolina",-6.25393677525931,0.263336619244799,25.6622453379595,1.996440344697,1.9494066522018,2372.12891221005
"512",2012,"South Carolina",-6.81138567242111,1.17466998952441,18.7911090169801,1.49669656054372,2.62830571194473,447.843592278905
"513",2013,"South Carolina",-7.45912728602713,1.28541025250447,21.0117317273814,2.07570685708373,2.29432453450057,1041.03919763012
"514",2014,"South Carolina",-7.5761177419631,1.42268592267534,21.4012798315656,2.10870815594216,2.61828316706341,392.130007486705
"515",2015,"South Carolina",-7.64498500960644,1.28559673062021,33.7944287003327,3.26974223934225,2.12065624485806,472.406306915336
"516",2016,"South Carolina",-7.84106382988461,1.65246764135045,28.7508388123685,2.84038439628081,2.66197493177222,409.458005174806
"517",2017,"South Carolina",-5.28087951613753,1.16673145743862,26.1057524970197,2.36823144312891,1.92545240746326,424.413590701455
"518",2018,"South Carolina",-5.06803813894519,0.906056366436788,28.8909965168858,2.52243177853006,2.08248881795555,632.017346893993
"519",2019,"South Carolina",-4.53484812740676,0.869735201074193,28.7720321412747,2.51461625271743,1.89010376412244,317.459366831833
"520",2020,"South Carolina",-4.83647338567601,0.0691786498837915,23.6248848529753,2.79649005710609,1.43274506940084,3098.53000594123
"521",2021,"South Carolina",-4.19117333241765,0.258491685047812,22.8946643826098,1.34558731862725,0.62533708692441,1505.63317884699
"522",2022,"South Carolina",-3.98795973244717,0.578992880276025,12.72605529905,0.916888447589718,2.11556377826266,1098.74341360749
"523",2010,"South Dakota",-5.18158196091107,0.671056039408255,22.1592775682289,2.11091829884901,1.40238167654541,3019.58907905065
"524",2011,"South Dakota",-7.0587085836158,1.1269417978662,31.3900355930997,3.27603604980435,1.97519726659141,390.309934085258
"525",2012,"South Dakota",-8.11602211758214,1.5028612837526,26.9450749666962,2.96514209724226,2.51523425236972,347.872561209483
"526",2013,"South Dakota",-5.52352552949128,0.484493408236207,23.5207730454303,2.07584817896704,2.57287327008066,1469.36203139536
"527",2014,"South Dakota",-4.98129099281206,0.407023868237891,22.5211606701255,1.14224290945017,2.12950358876851,2811.53152694536
"528",2015,"South Dakota",-5.21278180938186,0.364781351377196,29.8926450371236,2.43562917484883,2.32936480196558,2053.87673794848
"529",2016,"South Dakota",-4.90853137741681,0.537478306246245,27.5537279916039,1.69238042494348,1.71822698518066,1191.46043925954
"530",2017,"South Dakota",-5.35860699663689,0.827787040550586,28.0417689561801,2.62726102778734,2.05306811743723,1583.11402810949
"531",2018,"South Dakota",-5.74532812519411,0.647350190886714,31.9913823494952,2.9588126898355,1.44902213020238,464.964568294571
"532",2019,"South Dakota",-5.57956720305766,0.879617940727264,30.6266692282408,2.564952168407,1.32800120131225,3004.51390669897
"533",2020,"South Dakota",-6.15068472594113,0.0648868858311673,8.64070912566856,1.84352553197169,23.6242529083859,2015.21801965594
"534",2021,"South Dakota",-4.95727914212102,0.285250530621355,22.5208491057715,1.5831338174391,0.993521691145066,1578.71917666576
"535",2022,"South Dakota",-4.96820151963784,0.437913403600392,16.6208773842468,0.818917811151562,1.75058197637497,2296.00517842404
"536",2010,"Tennessee",-7.34564544949675,1.47926992086884,19.2159757068875,2.39192668386265,1.87373959860901,800.488238312953
"537",2011,"Tennessee",-8.18909338780745,1.37003018760775,30.5512623969799,3.13979157052813,2.5716642009849,741.352762779712
"538",2012,"Tennessee",-7.18773305690868,1.45621827053749,20.0885422561635,2.18908140706719,2.61047781274807,403.948422416323
"539",2013,"Tennessee",-6.68978050433543,1.34921278904681,22.1794695543057,1.6068059379319,2.17207267049819,1117.03626181124
"540",2014,"Tennessee",-5.91742175795812,1.13382467966388,21.6428314793676,1.55587885489342,2.09097149247424,591.002658318237
"541",2015,"Tennessee",-6.2209304303412,0.964820198760548,34.8750553761582,2.89594988044034,2.83368915209719,1304.73024842519
"542",2016,"Tennessee",-6.35146738601281,1.24457998459295,31.1602795735264,3.10382718701099,2.33326985493448,545.973302240349
"543",2017,"Tennessee",-5.70277549052522,1.12821649790997,25.6800378262162,2.11124297942834,1.5396898533448,923.890790808969
"544",2018,"Tennessee",-5.64442232533452,0.912148608085293,27.2518935895994,2.32405154894634,2.24563956327374,873.438417179728
"545",2019,"Tennessee",-4.66761182749605,0.931529310818014,22.1087719745368,1.80772393746644,2.43657985067802,475.535166464958
"546",2020,"Tennessee",-5.39317274814665,0.105847828287182,13.5585920330427,3.33984012721352,21.9383690935806,1346.83851397193
"547",2021,"Tennessee",-4.72309183879963,0.0844286772344145,21.2072999657787,3.57968552558806,3.21547885645415,356.044781756542
"548",2022,"Tennessee",-3.88500255865839,0.660210549106653,15.0356664409079,1.4216584427539,1.60020774332907,1973.15681188316
"549",2010,"Texas",-4.26449372786547,0.478128994796494,20.1738860884801,2.10729588425677,1.24582985148728,997.865102295918
"550",2011,"Texas",-5.06710932298928,0.395788380277976,30.1518822872602,3.12129779091635,3.03099837708076,1981.56671320217
"551",2012,"Texas",-3.96930913422967,0.445454061336064,21.7065500280121,1.61687107805601,1.82061478514707,2067.51096806112
"552",2013,"Texas",-3.68445180118362,0.266127297170505,20.1359195059729,1.11025831439646,1.84553743710923,734.240680071347
"553",2014,"Texas",-3.99670698700655,0.578021179910381,20.1837353783434,1.05990437723697,2.19183268035117,843.793046540927
"554",2015,"Texas",-5.11527355566177,0.783694834609136,21.6713799257248,2.61716808509155,3.12018397812663,2266.16801860318
"555",2016,"Texas",-3.96505900350297,0.48023567574664,28.212454645487,1.84058104907851,1.66527949950622,1006.05352307128
"556",2017,"Texas",-4.14555769730978,0.856630598499848,24.3592757518925,1.97638086938706,1.81033214490735,1129.78192575141
"557",2018,"Texas",-4.01950198187587,0.534133591543446,29.2996458357545,2.24101179548915,1.73381399364956,1074.79550722802
"558",2019,"Texas",-4.28482062035816,0.838569995403486,24.4232826152639,2.22643909932217,2.11874451015564,566.481729099379
"559",2020,"Texas",-5.22306285572265,0.111169571913286,16.4487751337205,2.68525320666909,22.6297298368066,1260.81864325256
"560",2021,"Texas",-3.63679936259747,-0.0989516223685525,24.0604591480796,1.06848843275197,0.16858357138854,2145.93983255388
"561",2022,"Texas",-3.62312093729334,0.288518700617979,15.1886897374563,1.72148758282948,1.81918599540429,2416.76929589463
"562",2010,"Utah",-5.88657003744734,0.668080411229533,21.8933664674279,2.61202992945464,1.64611415428895,941.135274213427
"563",2011,"Utah",-6.95695992777698,1.22832683757458,22.743717893423,2.76685882909204,3.55931691269079,1118.09724843085
"564",2012,"Utah",-4.3726958375812,0.483144883037426,22.1455550562636,1.48644917373699,1.99339841221346,2200.53116798661
"565",2013,"Utah",-5.39818567685996,0.721261199961039,25.2102980372352,2.56061530096467,2.4899136288556,204.640551755897
"566",2014,"Utah",-4.60330228170935,0.408241215324287,21.2361324239432,1.57871516670789,2.36838632480974,1141.99548929569
"567",2015,"Utah",-4.75105009515233,0.335336508174074,31.1996558322628,2.33395450361426,1.78396942220902,1955.47039544766
"568",2016,"Utah",-5.15935544296654,0.569704219498859,22.2559178164808,1.60405369362766,1.47561109027735,1159.62627347597
"569",2017,"Utah",-5.95244901411806,0.83553218456544,21.7421292700493,0.641405686575472,2.63793819366766,782.090540094738
"570",2018,"Utah",-7.35130878620178,1.4840536091684,25.394716154206,2.74011954927941,3.29507236310891,406.429819578256
"571",2019,"Utah",-4.73292626433663,0.774989830896528,29.2254909406079,2.51764726518538,1.67267893152181,1174.65196134502
"572",2020,"Utah",-5.60764054949307,0.095336680370305,17.9812333785575,2.79951494672341,23.3033802033484,1650.43604338872
"573",2021,"Utah",-5.44129777667049,0.646661827463583,45.5901464593163,4.55836570691274,-0.208391197393999,258.395328695272
"574",2022,"Utah",-3.86227269705301,0.127478691214048,19.0149159997571,1.33392909842437,0.991670725989081,1391.58552976475
"575",2010,"Vermont",-4.71158391209902,-0.026541912195468,21.9523071461619,2.56840544157103,2.0255009383091,1484.72112667169
"576",2011,"Vermont",-4.43146566854733,-0.237177167425204,36.7896162655861,2.86299754921681,1.55977556335621,1588.94120423407
"577",2012,"Vermont",-4.2841695482287,0.324492238719267,21.1521108152223,0.426277879723143,2.51198857011724,994.782109612237
"578",2013,"Vermont",-4.01696942125664,-0.0557675463821991,21.1501100455322,0.162030717502949,2.33695089679177,939.331324332538
"579",2014,"Vermont",-7.5545625066001,1.46098460329727,31.5047292134404,3.54682881530167,2.4174929230454,226.357851284604
"580",2015,"Vermont",-5.11787960252484,0.323105873571174,33.8368298989701,2.41894472171813,1.63215946135762,1159.19058147776
"581",2016,"Vermont",-4.89026657461971,-0.177053545210791,26.6569415110374,1.18657505172535,2.3750978377406,728.324625126746
"582",2017,"Vermont",-4.89312267594016,0.540934615148604,25.6833073676813,1.46487028767696,2.64467884556939,1090.25121387511
"583",2018,"Vermont",-4.51097335955715,0.327848019642747,25.720989690724,1.5218078272927,1.94041697049961,633.358084912894
"584",2019,"Vermont",-5.15358855650114,0.784466179417882,31.9519061287952,2.41859947447124,1.64404901766432,1281.52607162331
"585",2020,"Vermont",-5.12988893548244,-0.310450197992609,14.8142579611675,1.2378876589862,1.76647296773444,2907.9867202318
"586",2021,"Vermont",-5.79460506795913,0.271192474074978,13.1409347578907,3.94043446068248,3.22915544186367,1496.2254691791
"587",2022,"Vermont",-5.07564060245383,0.803268850270271,19.9547417997464,1.35237748478229,0.717698716312496,1773.2348804673
"588",2010,"Virginia",-4.6536216923491,0.516084161871115,19.373032133335,1.88190843839736,1.51695495939763,2478.87440694969
"589",2011,"Virginia",-5.27361555092697,0.209541626445769,21.214064496808,2.56271438049257,2.9592982414162,8508.42768240861
"590",2012,"Virginia",-4.61341445642256,0.605370747751272,21.2693909124317,1.39354748319621,2.20862570829558,1041.76883054832
"591",2013,"Virginia",-4.57481735016593,0.302255610539144,23.97364045062,1.82441326991775,2.08884893174533,2841.63626294839
"592",2014,"Virginia",-4.29869664816414,0.616115317589944,21.2420707841523,0.810738346745606,1.55057225093033,1030.66173451994
"593",2015,"Virginia",-5.33049946589379,0.583026872689127,32.9332803274463,3.10527263291389,2.57512508878696,2204.42597187887
"594",2016,"Virginia",-4.86317463019626,0.593913050287681,31.0705735440536,2.7177940993349,1.52194203143947,1716.68350455888
"595",2017,"Virginia",-4.67407747400267,0.844864269584951,26.9760996080771,1.92737625518716,1.80836906462092,821.014071630744
"596",2018,"Virginia",-4.60400316901644,0.665795059087142,30.7405969858174,2.43075299003382,1.63203515224688,1496.56663165708
"597",2019,"Virginia",-4.98216070270286,0.949894892975292,29.6092979867535,2.62981721087863,1.84938302259327,1440.05581443423
"598",2020,"Virginia",-5.41248291048538,2.16840434497101e-19,19.1509870736703,2.64924803304554,22.6929280007498,1845.85040419098
"599",2021,"Virginia",-4.53091604958068,0.0761865432911867,9.00128967785917,-9.2910904030356,4.13081386894106,105.874251927647
"600",2022,"Virginia",-3.76439559675014,0.348418595249069,14.33448965373,1.16631993904796,1.91940920798722,2518.71120358671
"601",2010,"Washington",-8.99706724020634,1.67900832397449,23.5436964055006,3.3388726159962,2.30817955212538,310.344440550512
"602",2011,"Washington",-10.3376680994542,1.81884084939654,31.793804416766,3.13797734778259,3.11943778909133,663.99270085349
"603",2012,"Washington",-5.75453909676172,0.773222167826669,24.5701872572496,2.06263859420677,1.8017472913911,2170.84595201087
"604",2013,"Washington",-5.53627641069094,0.610177106420445,22.0689371480106,0.774003309641382,2.00033029607259,1633.19007962556
"605",2014,"Washington",-5.56136911262727,0.776616372450027,23.475998857004,1.73154634907517,1.97720356931906,473.537228707436
"606",2015,"Washington",-5.71110720881057,0.569177470244517,30.1357565367392,1.73604434310903,1.83556825367121,1457.08805034954
"607",2016,"Washington",-5.85547457948748,0.88147343083542,22.3512691238752,1.3522403933883,1.73928498610124,1312.93007347373
"608",2017,"Washington",-5.69529198195591,0.980892447578862,21.0901049715718,-0.0350651222493074,2.35782564306553,924.398503357003
"609",2018,"Washington",-5.69920443232015,0.854971907457894,32.5701235790713,2.29674210450005,1.00494988210048,1917.45675272274
"610",2019,"Washington",-6.23466403429886,1.26685642653957,20.8317149028808,1.931280482208,2.88431082912167,276.111844909588
"611",2020,"Washington",-6.04517032319375,0.0929831491563883,15.1293857579041,2.80838238755697,21.4242352405906,4097.40857842814
"612",2021,"Washington",-5.04961259017667,0.119253489338706,23.5049480120408,3.07110174898765,3.87710279085813,613.390169638434
"613",2022,"Washington",-4.37632901289354,0.896616705250092,16.7582238073349,0.946649593322035,1.33042842442417,1952.60480460207
"614",2010,"West Virginia",-5.66425657193521,0.786226796244382,22.0149797654044,2.96466110874147,1.52006792061702,435.534901249519
"615",2011,"West Virginia",-6.75583609317482,0.699094529398117,31.1022761790001,3.46141605652692,2.20650211470349,2476.15084030163
"616",2012,"West Virginia",-5.77038379044745,0.993164363619776,21.2415926506528,1.11106601031308,2.20560825969313,845.996384716593
"617",2013,"West Virginia",-5.78377874106559,0.884295350490951,24.5268965725341,1.80534326851035,1.82971127569554,1456.5390608189
"618",2014,"West Virginia",-5.11387881330859,0.910035616877995,22.3221376585893,1.26901946917717,2.11868168646708,700.782976817524
"619",2015,"West Virginia",-5.44995652592463,0.558859788972812,36.7370348575549,2.94916927993638,1.67728769713146,1584.12367425236
"620",2016,"West Virginia",-6.10181225359035,0.98671798718144,32.7034511517241,2.94579237080884,1.17601654495752,990.537440219862
"621",2017,"West Virginia",-5.86542834043727,1.15066254520957,24.167517687029,1.94075444270601,2.25242621720746,557.509027720925
"622",2018,"West Virginia",-5.67409761456731,0.985569605862554,29.8097963269362,2.37418854714612,1.86933753277757,869.773270172168
"623",2019,"West Virginia",-5.24755523609718,0.970795485194935,29.4740454090167,2.26956692268775,1.47643453978055,583.493988662907
"624",2020,"West Virginia",-5.45220957366883,0.149734333365262,7.00001595122444,-14.2822996295474,2.7922753887266,791.814562238658
"625",2021,"West Virginia",-5.90222291971275,0.588712653654536,25.2422187430872,2.88592682271515,3.06822294689105,1033.32880795683
"626",2022,"West Virginia",-4.34597586795475,0.159695060765034,12.1606796586852,0.205255207483895,2.7488667493383,392.547562319388
"627",2010,"Wisconsin",-5.62686220979409,0.731878120522092,23.308774093037,2.50130441664281,1.0326509042894,613.885511710776
"628",2011,"Wisconsin",-5.93232552315926,0.484402879622102,31.797537386343,2.77804161347619,1.51965209526794,1520.52208971535
"629",2012,"Wisconsin",-5.97392913027267,0.973097007365127,22.3198991994384,1.67612884668407,2.08860408870294,543.320379198596
"630",2013,"Wisconsin",-6.80860034099097,1.14107712109908,31.3989873394434,3.0414787841231,2.47916579985526,675.578741483313
"631",2014,"Wisconsin",-6.85456784990707,1.2967474764235,21.9268061438027,2.56798194089505,3.01652490774548,426.52748849547
"632",2015,"Wisconsin",-7.4150131311854,1.32521018137045,33.8581926757084,3.41966691373502,2.60248011659681,529.981087882918
"633",2016,"Wisconsin",-6.27595913672091,0.989375816309886,30.608614554045,2.9292936610355,2.12982296256651,1070.63055956127
"634",2017,"Wisconsin",-7.00016832758925,1.34395214309059,27.239520983657,2.99747291166876,2.71538205902517,449.006364825071
"635",2018,"Wisconsin",-6.14301279536591,0.904517920415651,31.0632500382283,3.09341099379712,2.68802803204243,1355.56101265842
"636",2019,"Wisconsin",-5.18589128064172,0.829484689470034,31.4253098468306,2.65483061446127,2.22169754566453,694.020515250715
"637",2020,"Wisconsin",-5.24079345588346,0.428042873202179,-146.99936808928,2.00760451799596,4.54407357383422,2310.52412219334
"638",2021,"Wisconsin",-5.53356901701302,0.238351958342618,17.3509529184638,3.00461169049494,3.32880572033913,1388.05684194459
"639",2022,"Wisconsin",-4.57930344849768,0.400712981072608,17.947572194852,1.41389234530861,1.19994307386108,2684.14088633244
"640",2010,"Wyoming",-5.75667563511706,0.806674489219752,19.1601704819449,1.76413754877226,1.68636525746407,1017.5397046833
"641",2011,"Wyoming",-7.15548955976402,1.02177294810919,34.0888508824385,3.23770200501858,1.9505102529662,1411.36918741519
"642",2012,"Wyoming",-7.03522963663317,1.44592768527844,23.1068871498116,2.12757305186888,2.09334841183517,501.268688206773
"643",2013,"Wyoming",-6.66838688644415,1.06901633857911,24.9200456181653,2.1257093383767,1.84291829233182,1087.53690382007
"644",2014,"Wyoming",-6.54420211766063,1.12709979751606,25.1562012609458,2.32793799502421,2.41454662760878,1190.9280889441
"645",2015,"Wyoming",-6.19518650495017,0.844532024094942,33.7919239502118,2.53498199197105,1.75874359801641,1001.43347006365
"646",2016,"Wyoming",-5.83765202251197,0.867193714974399,25.8490842517947,1.95651634703486,2.33212077449598,869.543665265005
"647",2017,"Wyoming",-5.2696338804952,1.00377094041332,27.1603742175075,2.1982283946769,1.89353020285719,680.032450603273
"648",2018,"Wyoming",-7.02786664085113,1.37255217048319,31.0316542053567,2.94441766940742,1.72527449458941,360.965308779237
"649",2019,"Wyoming",-6.25842742585476,1.22234490077412,26.4941592100297,2.33940585164636,2.39242330982354,650.248428692076
"650",2020,"Wyoming",-6.89013772039621,0.72584667388263,6.50832072979484,0.76301005553102,4.33267782821814,1746.22031221359
"651",2021,"Wyoming",-4.85791119694323,0.286825252804587,23.0023346520034,2.80449369932006,2.40927828194199,386.263389532334
"652",2022,"Wyoming",-4.49008151335197,0.633593694053588,16.8366965903709,1.3600419300119,1.89480081163475,335.452601715429
"653",2010,"New York City",-4.65065867047197,0.268530296638234,12.2564991483511,1.64506731058282,2.37552548220419,3830.62013417668
"654",2011,"New York City",-4.95178926379308,0.237352136845078,17.693851285613,1.98000761346734,3.27100470018413,6450.60657246378
"655",2012,"New York City",-4.36203898236631,0.360742703697577,22.5698635058697,1.54468160884276,2.11768861721556,3429.91276012541
"656",2013,"New York City",-5.19412183427222,0.552592903631843,24.0930946637724,2.59037784068391,3.02533471346936,1663.30736271114
"657",2014,"New York City",-4.38048062760523,-0.0515982441832293,23.3401056110078,1.94065098170668,1.9872957405465,3026.44768905291
"658",2015,"New York City",-4.58319702818408,0.157559853101824,31.225747855624,2.48958126777913,1.95626742443523,4922.15429144307
"659",2016,"New York City",-4.44561360613942,0.181491373119084,21.847837103984,1.82920134030605,2.39103278965739,2817.97709232469
"660",2017,"New York City",-4.24610678400317,0.554600877797636,27.4932500228515,1.75089448729069,1.04715906802729,1495.40568301145
"661",2018,"New York City",-4.60034902297637,0.353561934139366,23.7342948882492,2.33402223532242,2.52403225697329,3793.32869752582
"662",2019,"New York City",-4.86530240781829,0.925710398699127,34.9571998409997,2.89276462469545,1.08426098375689,314.769102202152
"663",2020,"New York City",-5.29190528260911,0.17339342559263,110.860763305654,4.4557851575018,22.5580270600781,6752.34755300944
"664",2021,"New York City",-4.87310850045861,0.0981331969417676,13.074441855379,2.68292253196376,23.2846194553804,346.633539789007
"665",2022,"New York City",-3.45868349481414,0.367258579876566,16.3307493985337,1.27841335453499,1.94623777511427,367.872860037886
"666",2011,"Virgin Islands",-6.69259435068676,-0.0721599889880586,38.197171790445,1.90529579951404,18.88627895,70.4314079430592
"667",2012,"Virgin Islands",-6.01125260999073,-0.0151605313841612,18.5553844607716,20.8288800082,24.6956325,37.3804059899701
"668",2013,"Virgin Islands",-4.56934224229674,-0.281443493099122,31.5264412633298,3.415760171619,-1.0087482962246,234.674508091099
"669",2014,"Virgin Islands",-4.67823259943589,0.527979656709449,16.6438576720293,1.87667504141999,1.54088238192358,154.167245176413
"670",2015,"Virgin Islands",-5.38461516701822,0.20562333008495,27.896788100373,2.86701003612052,3.2588800551178,598.217856155065
"671",2016,"Virgin Islands",-5.17980364891055,0.634963856023712,16.15332031815,1.99751769335819,1.52009160591373,193.382513063321
"672",2017,"Virgin Islands",-6.45063125016367,0.780936146566963,24.8905628486985,2.6248218730541,2.47844932175729,275.692689843817
"673",2018,"Virgin Islands",-6.55212692397567,0.985485518229176,24.4897490617906,2.59813412503058,2.52975079550382,143.527706125683
"674",2019,"Virgin Islands",-6.80562581100569,1.24658871581372,31.5275978228327,3.04309388318417,0.285794120249047,126.356643612609
"675",2020,"Virgin Islands",-7.70554092227238,0.946967779524649,16.057087004003,-1.40120151550587,22.8523975295,248.501880022092
"676",2021,"Virgin Islands",-5.16259324443376,0.119616682116371,21.0036668534872,-0.514430957724175,1.77705337311003,192.62448072007
"677",2022,"Virgin Islands",-7.17656475567234,1.18412332829978,29.4373982147502,3.69849955480653,1.94628479215354,279.709753110956
"678",2013,"Puerto Rico",-4.05251343403887,0.125537562154074,29.9241011141744,21.6953806158912,3.0295852552871,18.4609421401457
"679",2014,"Puerto Rico",-4.18658978406969,0.65980661764471,20.0978957634218,2.88099952219553,2.88933514887282,446.568347872588
"680",2015,"Puerto Rico",-3.20794151351888,-0.270627343337885,26.5951942127085,0.220850153684735,1.61987273991653,735.432313733995
"681",2016,"Puerto Rico",-3.22621368344506,0.184610916714093,18.5401629547801,1.36514181120947,1.52399254403935,789.798024565295
"682",2017,"Puerto Rico",-3.4081530375084,0.325644074043906,20.9291122583147,1.80186410473042,2.78394703718558,299.933016556621
"683",2018,"Puerto Rico",-4.14295782068802,0.659986148727626,26.4421582561887,3.20827111566311,3.04737211047877,555.375770996625
"684",2019,"Puerto Rico",-3.16181558466771,0.192451008141231,32.0685439048774,2.62700085708329,1.12015677114365,434.113953396126
"685",2020,"Puerto Rico",-3.84835870525172,0.0984876986016277,13.7801328159771,2.61866052551333,3.79630440563113,156.612421466643
"686",2021,"Puerto Rico",-3.29852102666209,0.0968711593295382,15.7559829719526,3.36618161009118,4.17614208597662,114.553037621282
"687",2022,"Puerto Rico",-3.61671115948277,0.189647835765214,15.3356899042776,3.36638914831205,3.65653260207772,143.748331788466
"688",1997,"US",-9.29807800970897,1.79979568492165,18.3588897838737,3.08801287581651,2.45299250545027,449.280113629124
"689",1998,"US",-9.45941107467241,1.85716386973557,28.7276007709193,2.71917541583911,2.3527881625798,307.87125242707
"690",1999,"US",-9.4368230826243,1.82520882301645,21.375938015185,2.28554228375677,2.79527670741257,289.370726393106
"691",2000,"US",-10.4529362842645,1.9835136779018,23.6163045882853,2.66904467950772,2.82225654918108,240.13644257041
"692",2001,"US",-10.2746100683796,1.9307724301637,26.9510569307993,2.86699334551763,2.6357143695862,231.375267525547
"693",2002,"US",-8.56182434106539,1.52698243492221,9.18587282403101,-0.854989754792256,4.06210238728742,551.153389186622
"694",2003,"US",-4.79104022502295,0.772128951014337,19.9431805819343,1.41755931177779,1.16876279984293,2732.98718989135
"695",2004,"US",-4.68159900030639,0.411576610338412,29.5264713569911,1.99560715168269,1.5475489372567,3514.73200554357
"696",2005,"US",-4.85571361604485,0.272310913831104,29.1467508706172,2.41958415542455,1.73488801586069,3801.11374886044
"697",2006,"US",-5.0024042587467,0.395045603868913,28.1515893397071,2.52999313438181,1.87885777075177,3770.78249717916
"698",2007,"US",-4.72212774685774,0.515070928239749,29.3606470998435,2.13764150032602,1.41155400423564,1860.56957777461
"699",2008,"US",-4.81519068469078,0.154356074243984,30.4433388086259,2.49617265815671,3.02708044829834,691.74720657286
"700",2009,"US",-4.43897298482067,0.532104698969692,10.3282767622797,1.54044229446634,2.21941041969414,893.934477213807
"701",2010,"US",-4.73594759054987,0.446315030478946,27.2228769650012,2.15708199523443,1.86551853694926,4407.19127245905
"702",2011,"US",-5.13994642126966,0.201342935556533,27.2732428088796,2.78935723916345,2.77026885570261,7724.76104406395
"703",2012,"US",-4.57876109148219,0.45537886132129,22.2344034077311,1.68267331878737,2.09143152986837,3899.19738722492
"704",2013,"US",-4.58332771447767,0.213674452871682,21.7571073536153,1.60354561185918,2.23416690686274,3498.11770961447
"705",2014,"US",-4.55879879426151,0.424991948827635,21.4090567494217,1.49392800963104,2.23073179537004,2951.84323861449
"706",2015,"US",-4.85272107041255,0.278390108845857,31.0848258009395,2.64700733676961,2.17430963458604,5745.63306300323
"707",2016,"US",-4.63959708754051,0.387080061445392,27.6462228158164,2.26613278477294,1.99206102031171,4390.36234699841
"708",2017,"US",-4.57347250517001,0.689281314679365,25.7117048398336,1.97564329921317,1.77034663659026,2283.39544195245
"709",2018,"US",-4.71826952063522,0.541011184161814,28.8155006385708,2.46361174018981,1.96661040101656,3892.70524193201
"710",2019,"US",-4.61427249664227,0.705815255443891,31.6694138140155,2.66893242173984,1.53458118680192,958.03600042553
"711",2020,"US",-5.49879605124856,0.105753363182293,17.5565895896159,3.05930792193214,23.4076520817762,3001.73391784964
"712",2021,"US",-4.83473212457178,0.121154590311559,18.4475665081755,3.50774223063104,3.82218979505109,587.223724713224
"713",2022,"US",-3.88116412313961,0.278482289988655,16.2381572013464,1.38701785144344,1.71699674107204,2879.95318014131
